/*
SQLyog Ultimate v9.02 
MySQL - 5.5.5-10.1.21-MariaDB : Database - etax
*********************************************************************
*/

/*!40101 SET NAMES utf8 */;

/*!40101 SET SQL_MODE=''*/;

/*!40014 SET @OLD_UNIQUE_CHECKS=@@UNIQUE_CHECKS, UNIQUE_CHECKS=0 */;
/*!40014 SET @OLD_FOREIGN_KEY_CHECKS=@@FOREIGN_KEY_CHECKS, FOREIGN_KEY_CHECKS=0 */;
/*!40101 SET @OLD_SQL_MODE=@@SQL_MODE, SQL_MODE='NO_AUTO_VALUE_ON_ZERO' */;
/*!40111 SET @OLD_SQL_NOTES=@@SQL_NOTES, SQL_NOTES=0 */;
CREATE DATABASE /*!32312 IF NOT EXISTS*/`etax` /*!40100 DEFAULT CHARACTER SET latin1 */;

USE `etax`;

/*Table structure for table `ms_menu` */

DROP TABLE IF EXISTS `ms_menu`;

CREATE TABLE `ms_menu` (
  `id_inc` int(11) NOT NULL AUTO_INCREMENT,
  `nama_menu` varchar(100) DEFAULT NULL,
  `link_menu` varchar(100) DEFAULT NULL,
  `parent` int(11) DEFAULT NULL,
  `sort` int(11) DEFAULT NULL,
  `icon` varchar(50) DEFAULT NULL,
  PRIMARY KEY (`id_inc`),
  KEY `FK_ms_menu` (`parent`)
) ENGINE=InnoDB AUTO_INCREMENT=39 DEFAULT CHARSET=latin1;

/*Data for the table `ms_menu` */

insert  into `ms_menu`(`id_inc`,`nama_menu`,`link_menu`,`parent`,`sort`,`icon`) values (1,'Sistem','#',0,90,'fa fa-cogs'),(2,'role','role',1,1,'fa fa-lock'),(3,'pengguna','pengguna',1,2,'fa fa-user'),(4,'menu','menu',1,3,'fa fa-list'),(5,'Beranda','welcome',0,0,'fa fa-home'),(27,'Master','#',0,4,'fa fa-cubes'),(28,'Jenis Pajak','refjenispajak',27,1,'fa fa-database'),(29,'Wajib Pajak','refclient',0,3,'fa fa-users'),(31,'Transaksi','#',0,2,'fa fa-line-chart'),(32,'Monitoring Transaksi','transaksi',31,1,'fa fa-binoculars'),(34,'Transaksi Wajib Pajak','transaksi/wp',31,3,'fa fa-users'),(35,'Data WP tidak termonitor','transaksi/gagal',31,4,'fa fa-close'),(36,'Konfigurasi','konfigurasi',27,2,'fa fa-database'),(37,'Rekap Bulanan','rekap',31,2,'fa fa-file'),(38,'Log','Log',0,3,'fa fa-clock-o');

/*Table structure for table `ms_pengguna` */

DROP TABLE IF EXISTS `ms_pengguna`;

CREATE TABLE `ms_pengguna` (
  `id_inc` int(11) NOT NULL AUTO_INCREMENT,
  `nama` varchar(100) DEFAULT NULL,
  `username` varchar(100) DEFAULT NULL,
  `password` varchar(100) DEFAULT NULL,
  `ms_role_id` int(11) DEFAULT NULL,
  PRIMARY KEY (`id_inc`),
  KEY `FK_ms_pengguna` (`ms_role_id`),
  CONSTRAINT `FK_ms_pengguna` FOREIGN KEY (`ms_role_id`) REFERENCES `ms_role` (`id_inc`) ON DELETE CASCADE ON UPDATE CASCADE
) ENGINE=InnoDB AUTO_INCREMENT=10 DEFAULT CHARSET=latin1;

/*Data for the table `ms_pengguna` */

insert  into `ms_pengguna`(`id_inc`,`nama`,`username`,`password`,`ms_role_id`) values (8,'super user','admin','d033e22ae348aeb5660fc2140aec35850c4da997',1),(9,'User Monitoring','user1','b3daa77b4c04a9551b8781d03191fe098f325e67',2);

/*Table structure for table `ms_privilege` */

DROP TABLE IF EXISTS `ms_privilege`;

CREATE TABLE `ms_privilege` (
  `id_inc` int(11) NOT NULL AUTO_INCREMENT,
  `ms_role_id` int(11) DEFAULT NULL,
  `ms_menu_id` int(11) DEFAULT NULL,
  `status` int(11) DEFAULT NULL,
  PRIMARY KEY (`id_inc`),
  KEY `FK_ms_privilege` (`ms_role_id`),
  KEY `FK_ms_priasilege` (`ms_menu_id`),
  CONSTRAINT `FK_ms_priasilege` FOREIGN KEY (`ms_menu_id`) REFERENCES `ms_menu` (`id_inc`) ON DELETE CASCADE ON UPDATE CASCADE,
  CONSTRAINT `FK_ms_privilege` FOREIGN KEY (`ms_role_id`) REFERENCES `ms_role` (`id_inc`) ON DELETE CASCADE ON UPDATE CASCADE
) ENGINE=InnoDB AUTO_INCREMENT=34 DEFAULT CHARSET=latin1;

/*Data for the table `ms_privilege` */

insert  into `ms_privilege`(`id_inc`,`ms_role_id`,`ms_menu_id`,`status`) values (1,1,1,1),(2,1,5,1),(3,1,2,1),(4,1,3,1),(5,1,4,1),(8,1,27,1),(9,1,28,1),(10,1,29,1),(12,1,31,1),(13,1,32,1),(15,1,34,1),(16,1,35,1),(17,1,36,1),(18,2,1,0),(19,2,5,0),(20,2,27,0),(21,2,29,0),(22,2,31,1),(23,2,2,0),(24,2,3,0),(25,2,4,0),(26,2,28,0),(27,2,36,0),(28,2,32,1),(29,2,34,0),(30,2,35,0),(31,1,37,1),(32,2,37,1),(33,1,38,1);

/*Table structure for table `ms_role` */

DROP TABLE IF EXISTS `ms_role`;

CREATE TABLE `ms_role` (
  `id_inc` int(11) NOT NULL AUTO_INCREMENT,
  `nama_role` varchar(100) DEFAULT NULL,
  PRIMARY KEY (`id_inc`)
) ENGINE=InnoDB AUTO_INCREMENT=3 DEFAULT CHARSET=latin1;

/*Data for the table `ms_role` */

insert  into `ms_role`(`id_inc`,`nama_role`) values (1,'Super User'),(2,'Monitoring');

/*Table structure for table `ref_client` */

DROP TABLE IF EXISTS `ref_client`;

CREATE TABLE `ref_client` (
  `kd_client` int(11) NOT NULL AUTO_INCREMENT,
  `nama_wp` varchar(100) DEFAULT NULL,
  `npwp` varchar(100) DEFAULT NULL,
  `email` varchar(100) DEFAULT NULL,
  PRIMARY KEY (`kd_client`)
) ENGINE=InnoDB DEFAULT CHARSET=latin1;

/*Data for the table `ref_client` */

/*Table structure for table `ref_jenispajak` */

DROP TABLE IF EXISTS `ref_jenispajak`;

CREATE TABLE `ref_jenispajak` (
  `kd_jenispajak` int(11) NOT NULL AUTO_INCREMENT,
  `rekening` varchar(50) DEFAULT NULL,
  `nama_pajak` varchar(50) DEFAULT NULL,
  PRIMARY KEY (`kd_jenispajak`)
) ENGINE=InnoDB AUTO_INCREMENT=11 DEFAULT CHARSET=latin1;

/*Data for the table `ref_jenispajak` */

insert  into `ref_jenispajak`(`kd_jenispajak`,`rekening`,`nama_pajak`) values (2,'0501.00.00.4.1.1.01','Hotel'),(3,'0501.00.00.4.1.1.02','Restoran'),(4,'0501.00.00.4.1.1.03','Hiburan'),(5,'0501.00.00.4.1.1.07','Parkir'),(6,'0501.00.00.4.1.1.06','MBLB'),(7,'0501.00.00.4.1.1.09','Sarang Burung'),(8,'0501.00.00.4.1.1.05','PPJ'),(9,'0501.00.00.4.1.1.08','Air Tanah'),(10,'0501.00.00.4.1.1.04','Reklame');

/*Table structure for table `tb_client` */

DROP TABLE IF EXISTS `tb_client`;

CREATE TABLE `tb_client` (
  `id_inc` int(11) NOT NULL AUTO_INCREMENT,
  `kd_client` int(11) DEFAULT NULL,
  `kd_jenispajak` int(11) DEFAULT NULL,
  PRIMARY KEY (`id_inc`)
) ENGINE=InnoDB DEFAULT CHARSET=latin1;

/*Data for the table `tb_client` */

/*Table structure for table `tb_config` */

DROP TABLE IF EXISTS `tb_config`;

CREATE TABLE `tb_config` (
  `kd_config` int(5) NOT NULL AUTO_INCREMENT,
  `nama_wp` varchar(100) DEFAULT NULL,
  `kode_aktivasi` varchar(10) DEFAULT NULL,
  `last_id_database` varchar(100) DEFAULT NULL,
  `kd_jenispajak` varchar(100) DEFAULT NULL,
  `id_client` varchar(100) DEFAULT NULL,
  `username` varchar(100) DEFAULT NULL,
  `database_client` varchar(100) DEFAULT NULL,
  `password` varchar(100) DEFAULT NULL,
  `interval_process` int(10) DEFAULT NULL,
  `path_csv` varchar(200) DEFAULT NULL,
  `string_query` text,
  `string_query_dept` text,
  `path_move` varchar(200) DEFAULT NULL,
  `url_server` tinytext,
  `stat_db` int(1) DEFAULT NULL,
  PRIMARY KEY (`kd_config`)
) ENGINE=MyISAM AUTO_INCREMENT=17 DEFAULT CHARSET=latin1;

/*Data for the table `tb_config` */

insert  into `tb_config`(`kd_config`,`nama_wp`,`kode_aktivasi`,`last_id_database`,`kd_jenispajak`,`id_client`,`username`,`database_client`,`password`,`interval_process`,`path_csv`,`string_query`,`string_query_dept`,`path_move`,`url_server`,`stat_db`) values (16,'Tantiono','07028','0','9','200030330000','etax','PX_FO_SITE,myoh_fo_db','Bapenda123',60,'D:\\\\etaxbapenda\\\\csv\\\\','SELECT auditdate, pcid, dept_name, revenue FROM [PX_FO_SITE].[dbo].[na_saleshis] a, [myoh_fo_db].[dbo].tbl_department b WHERE a.pciddueto = b.dept_code  AND FORMAT(a.auditdate,\'yyyy-MM-dd\') =','SELECT auditdate tgl_transaksi, CONCAT(pcid,\'|\',dept_name), revenue jumlah FROM [PX_FO_SITE].[dbo].[na_saleshis] a, [myoh_fo_db].[dbo].tbl_department b WHERE a.pciddueto = b.dept_code AND (FORMAT(a.auditdate,\'yyyy-MM-dd\') = FORMAT(GETDATE()-1,\'yyyy-MM-dd\')  OR FORMAT(a.auditdate,\'yyyy-MM-dd\') = FORMAT(GETDATE(),\'yyyy-MM-dd\')) ORDER BY a.auditdate ASC','D:\\\\etaxbapenda\\\\move\\\\','http://36.89.91.154:8080/etax/JavaJson/krmDataJson',2);

/*Table structure for table `tb_log` */

DROP TABLE IF EXISTS `tb_log`;

CREATE TABLE `tb_log` (
  `id` int(11) NOT NULL AUTO_INCREMENT,
  `nama_wp` varchar(50) DEFAULT NULL,
  `npwp` varchar(20) DEFAULT NULL,
  `insert_date` timestamp NOT NULL DEFAULT CURRENT_TIMESTAMP,
  PRIMARY KEY (`id`)
) ENGINE=InnoDB AUTO_INCREMENT=679 DEFAULT CHARSET=latin1;

/*Data for the table `tb_log` */

insert  into `tb_log`(`id`,`nama_wp`,`npwp`,`insert_date`) values (1,'Tantiono','200030330000','2019-11-01 11:21:42'),(2,'Tantiono','200030330000','2019-11-01 13:45:32'),(3,'Tantiono','200030330000','2019-11-01 13:51:26'),(4,'Tantiono','200030330000','2019-11-01 14:02:45'),(5,'Tantiono','200030330000','2019-11-01 14:32:16'),(6,'Tantiono','200030330000','2019-11-01 14:34:22'),(7,'Tantiono','200030330000','2019-11-01 14:35:12'),(8,'Tantiono','200030330000','2019-11-01 14:35:39'),(9,'Tantiono','200030330000','2019-11-01 14:35:57'),(10,'Tantiono','200030330000','2019-11-01 14:39:38'),(11,'Tantiono','200030330000','2019-11-01 15:00:20'),(12,'Tantiono','200030330000','2019-11-01 15:30:20'),(13,'Tantiono','200030330000','2019-11-01 16:00:20'),(14,'Tantiono','200030330000','2019-11-01 16:30:20'),(15,'Tantiono','200030330000','2019-11-01 17:00:20'),(16,'Tantiono','200030330000','2019-11-01 17:30:20'),(17,'Tantiono','200030330000','2019-11-01 18:00:20'),(18,'Tantiono','200030330000','2019-11-01 18:30:20'),(19,'Tantiono','200030330000','2019-11-01 19:00:20'),(20,'Tantiono','200030330000','2019-11-01 19:30:20'),(21,'Tantiono','200030330000','2019-11-01 20:00:20'),(22,'Tantiono','200030330000','2019-11-01 20:30:20'),(23,'Tantiono','200030330000','2019-11-01 21:00:19'),(24,'Tantiono','200030330000','2019-11-01 21:30:20'),(25,'Tantiono','200030330000','2019-11-01 22:00:20'),(26,'Tantiono','200030330000','2019-11-01 22:30:20'),(27,'Tantiono','200030330000','2019-11-01 23:00:19'),(28,'Tantiono','200030330000','2019-11-01 23:30:20'),(29,'Tantiono','200030330000','2019-11-02 00:00:20'),(30,'Tantiono','200030330000','2019-11-02 00:30:19'),(31,'Tantiono','200030330000','2019-11-02 01:00:19'),(32,'Tantiono','200030330000','2019-11-02 01:30:19'),(33,'Tantiono','200030330000','2019-11-02 02:00:19'),(34,'Tantiono','200030330000','2019-11-02 02:30:19'),(35,'Tantiono','200030330000','2019-11-02 03:00:19'),(36,'Tantiono','200030330000','2019-11-02 03:30:21'),(37,'Tantiono','200030330000','2019-11-02 04:00:19'),(38,'Tantiono','200030330000','2019-11-02 04:30:19'),(39,'Tantiono','200030330000','2019-11-02 05:00:19'),(40,'Tantiono','200030330000','2019-11-02 05:30:19'),(41,'Tantiono','200030330000','2019-11-02 06:00:19'),(42,'Tantiono','200030330000','2019-11-02 06:30:19'),(43,'Tantiono','200030330000','2019-11-02 07:00:19'),(44,'Tantiono','200030330000','2019-11-02 07:30:19'),(45,'Tantiono','200030330000','2019-11-02 08:00:19'),(46,'Tantiono','200030330000','2019-11-02 08:30:19'),(47,'Tantiono','200030330000','2019-11-02 09:00:19'),(48,'Tantiono','200030330000','2019-11-02 09:30:25'),(49,'Tantiono','200030330000','2019-11-02 10:00:19'),(50,'Tantiono','200030330000','2019-11-02 10:30:19'),(51,'Tantiono','200030330000','2019-11-02 11:00:19'),(52,'Tantiono','200030330000','2019-11-02 11:30:19'),(53,'Tantiono','200030330000','2019-11-02 12:00:19'),(54,'Tantiono','200030330000','2019-11-02 12:30:19'),(55,'Tantiono','200030330000','2019-11-02 13:00:19'),(56,'Tantiono','200030330000','2019-11-02 13:30:19'),(57,'Tantiono','200030330000','2019-11-02 14:00:19'),(58,'Tantiono','200030330000','2019-11-02 14:30:19'),(59,'Tantiono','200030330000','2019-11-02 15:00:19'),(60,'Tantiono','200030330000','2019-11-02 15:30:19'),(61,'Tantiono','200030330000','2019-11-02 16:00:19'),(62,'Tantiono','200030330000','2019-11-02 16:30:19'),(63,'Tantiono','200030330000','2019-11-02 17:00:20'),(64,'Tantiono','200030330000','2019-11-02 17:30:19'),(65,'Tantiono','200030330000','2019-11-02 18:00:19'),(66,'Tantiono','200030330000','2019-11-02 18:30:19'),(67,'Tantiono','200030330000','2019-11-02 19:00:18'),(68,'Tantiono','200030330000','2019-11-02 19:30:19'),(69,'Tantiono','200030330000','2019-11-02 20:00:19'),(70,'Tantiono','200030330000','2019-11-02 20:30:19'),(71,'Tantiono','200030330000','2019-11-02 21:00:18'),(72,'Tantiono','200030330000','2019-11-02 21:30:18'),(73,'Tantiono','200030330000','2019-11-02 22:00:19'),(74,'Tantiono','200030330000','2019-11-02 22:30:19'),(75,'Tantiono','200030330000','2019-11-02 23:00:23'),(76,'Tantiono','200030330000','2019-11-02 23:30:18'),(77,'Tantiono','200030330000','2019-11-03 00:00:18'),(78,'Tantiono','200030330000','2019-11-03 00:30:18'),(79,'Tantiono','200030330000','2019-11-03 01:00:19'),(80,'Tantiono','200030330000','2019-11-03 01:30:18'),(81,'Tantiono','200030330000','2019-11-03 02:00:18'),(82,'Tantiono','200030330000','2019-11-03 02:30:18'),(83,'Tantiono','200030330000','2019-11-03 03:00:18'),(84,'Tantiono','200030330000','2019-11-03 03:30:18'),(85,'Tantiono','200030330000','2019-11-03 04:00:18'),(86,'Tantiono','200030330000','2019-11-03 04:30:18'),(87,'Tantiono','200030330000','2019-11-03 05:00:18'),(88,'Tantiono','200030330000','2019-11-03 05:30:18'),(89,'Tantiono','200030330000','2019-11-03 05:59:58'),(90,'Tantiono','200030330000','2019-11-03 06:29:58'),(91,'Tantiono','200030330000','2019-11-03 06:59:58'),(92,'Tantiono','200030330000','2019-11-03 08:29:58'),(93,'Tantiono','200030330000','2019-11-03 08:59:58'),(94,'Tantiono','200030330000','2019-11-03 09:29:58'),(95,'Tantiono','200030330000','2019-11-03 09:59:58'),(96,'Tantiono','200030330000','2019-11-03 10:29:58'),(97,'Tantiono','200030330000','2019-11-03 10:59:58'),(98,'Tantiono','200030330000','2019-11-03 11:29:58'),(99,'Tantiono','200030330000','2019-11-03 11:59:58'),(100,'Tantiono','200030330000','2019-11-03 12:29:58'),(101,'Tantiono','200030330000','2019-11-03 12:59:58'),(102,'Tantiono','200030330000','2019-11-03 13:29:58'),(103,'Tantiono','200030330000','2019-11-03 13:59:59'),(104,'Tantiono','200030330000','2019-11-03 14:29:58'),(105,'Tantiono','200030330000','2019-11-03 14:59:57'),(106,'Tantiono','200030330000','2019-11-03 15:29:58'),(107,'Tantiono','200030330000','2019-11-03 15:59:57'),(108,'Tantiono','200030330000','2019-11-03 16:29:57'),(109,'Tantiono','200030330000','2019-11-03 16:59:57'),(110,'Tantiono','200030330000','2019-11-03 17:29:57'),(111,'Tantiono','200030330000','2019-11-03 18:00:00'),(112,'Tantiono','200030330000','2019-11-03 18:29:57'),(113,'Tantiono','200030330000','2019-11-03 18:59:57'),(114,'Tantiono','200030330000','2019-11-03 19:30:06'),(115,'Tantiono','200030330000','2019-11-03 19:59:57'),(116,'Tantiono','200030330000','2019-11-03 20:29:57'),(117,'Tantiono','200030330000','2019-11-03 20:59:57'),(118,'Tantiono','200030330000','2019-11-03 21:29:57'),(119,'Tantiono','200030330000','2019-11-03 21:59:57'),(120,'Tantiono','200030330000','2019-11-03 22:29:57'),(121,'Tantiono','200030330000','2019-11-03 22:59:57'),(122,'Tantiono','200030330000','2019-11-03 23:29:57'),(123,'Tantiono','200030330000','2019-11-03 23:59:57'),(124,'Tantiono','200030330000','2019-11-04 00:29:57'),(125,'Tantiono','200030330000','2019-11-04 00:59:57'),(126,'Tantiono','200030330000','2019-11-04 01:29:57'),(127,'Tantiono','200030330000','2019-11-04 01:59:57'),(128,'Tantiono','200030330000','2019-11-04 02:29:57'),(129,'Tantiono','200030330000','2019-11-04 02:59:57'),(130,'Tantiono','200030330000','2019-11-04 03:29:57'),(131,'Tantiono','200030330000','2019-11-04 03:59:57'),(132,'Tantiono','200030330000','2019-11-04 04:29:57'),(133,'Tantiono','200030330000','2019-11-04 04:59:57'),(134,'Tantiono','200030330000','2019-11-04 05:29:57'),(135,'Tantiono','200030330000','2019-11-04 05:59:57'),(136,'Tantiono','200030330000','2019-11-04 06:29:57'),(137,'Tantiono','200030330000','2019-11-04 06:59:57'),(138,'Tantiono','200030330000','2019-11-04 07:29:57'),(139,'Tantiono','200030330000','2019-11-04 07:59:56'),(140,'Tantiono','200030330000','2019-11-04 08:29:56'),(141,'Tantiono','200030330000','2019-11-04 08:59:56'),(142,'Tantiono','200030330000','2019-11-04 09:29:57'),(143,'Tantiono','200030330000','2019-11-04 09:59:57'),(144,'Tantiono','200030330000','2019-11-04 10:29:57'),(145,'Tantiono','200030330000','2019-11-04 10:59:57'),(146,'Tantiono','200030330000','2019-11-04 11:29:57'),(147,'Tantiono','200030330000','2019-11-04 11:59:57'),(148,'Tantiono','200030330000','2019-11-04 12:29:57'),(149,'Tantiono','200030330000','2019-11-04 13:06:50'),(150,'Tantiono','200030330000','2019-11-04 13:10:55'),(151,'Tantiono','200030330000','2019-11-04 13:12:45'),(152,'Tantiono','200030330000','2019-11-04 13:15:37'),(153,'Tantiono','200030330000','2019-11-04 13:19:24'),(154,'Tantiono','200030330000','2019-11-04 13:23:10'),(155,'Tantiono','200030330000','2019-11-04 13:27:53'),(156,'Tantiono','200030330000','2019-11-04 13:29:57'),(157,'Tantiono','200030330000','2019-11-04 13:37:45'),(158,'Tantiono','200030330000','2019-11-04 13:59:56'),(159,'Tantiono','200030330000','2019-11-04 14:29:56'),(160,'Tantiono','200030330000','2019-11-04 14:59:56'),(161,'Tantiono','200030330000','2019-11-04 15:29:56'),(162,'Tantiono','200030330000','2019-11-04 15:59:56'),(163,'Tantiono','200030330000','2019-11-04 16:29:56'),(164,'Tantiono','200030330000','2019-11-04 16:59:56'),(165,'Tantiono','200030330000','2019-11-04 17:29:56'),(166,'Tantiono','200030330000','2019-11-04 17:59:56'),(167,'Tantiono','200030330000','2019-11-04 18:29:56'),(168,'Tantiono','200030330000','2019-11-04 18:59:56'),(169,'Tantiono','200030330000','2019-11-04 19:29:56'),(170,'Tantiono','200030330000','2019-11-04 19:59:56'),(171,'Tantiono','200030330000','2019-11-04 20:29:56'),(172,'Tantiono','200030330000','2019-11-04 20:59:56'),(173,'Tantiono','200030330000','2019-11-04 21:29:56'),(174,'Tantiono','200030330000','2019-11-04 21:59:56'),(175,'Tantiono','200030330000','2019-11-04 22:29:56'),(176,'Tantiono','200030330000','2019-11-04 22:59:56'),(177,'Tantiono','200030330000','2019-11-04 23:29:56'),(178,'Tantiono','200030330000','2019-11-04 23:59:56'),(179,'Tantiono','200030330000','2019-11-05 00:29:56'),(180,'Tantiono','200030330000','2019-11-05 00:59:56'),(181,'Tantiono','200030330000','2019-11-05 01:29:56'),(182,'Tantiono','200030330000','2019-11-05 01:59:56'),(183,'Tantiono','200030330000','2019-11-05 02:29:56'),(184,'Tantiono','200030330000','2019-11-05 02:59:56'),(185,'Tantiono','200030330000','2019-11-05 03:29:56'),(186,'Tantiono','200030330000','2019-11-05 03:59:56'),(187,'Tantiono','200030330000','2019-11-05 04:29:56'),(188,'Tantiono','200030330000','2019-11-05 04:59:56'),(189,'Tantiono','200030330000','2019-11-05 05:29:56'),(190,'Tantiono','200030330000','2019-11-05 05:59:56'),(191,'Tantiono','200030330000','2019-11-05 06:29:55'),(192,'Tantiono','200030330000','2019-11-05 06:59:56'),(193,'Tantiono','200030330000','2019-11-05 07:29:56'),(194,'Tantiono','200030330000','2019-11-05 07:59:56'),(195,'Tantiono','200030330000','2019-11-05 08:29:55'),(196,'Tantiono','200030330000','2019-11-05 08:59:56'),(197,'Tantiono','200030330000','2019-11-05 09:29:55'),(198,'Tantiono','200030330000','2019-11-05 09:59:56'),(199,'Tantiono','200030330000','2019-11-05 10:01:14'),(200,'Tantiono','200030330000','2019-11-05 10:29:55'),(201,'Tantiono','200030330000','2019-11-05 10:59:55'),(202,'Tantiono','200030330000','2019-11-05 11:29:55'),(203,'Tantiono','200030330000','2019-11-05 11:59:55'),(204,'Tantiono','200030330000','2019-11-05 12:59:55'),(205,'Tantiono','200030330000','2019-11-05 13:30:01'),(206,'Tantiono','200030330000','2019-11-05 13:59:57'),(207,'Tantiono','200030330000','2019-11-05 14:29:55'),(208,'Tantiono','200030330000','2019-11-05 14:59:55'),(209,'Tantiono','200030330000','2019-11-05 15:29:55'),(210,'Tantiono','200030330000','2019-11-05 15:59:58'),(211,'Tantiono','200030330000','2019-11-05 16:29:55'),(212,'Tantiono','200030330000','2019-11-05 16:59:55'),(213,'Tantiono','200030330000','2019-11-05 17:29:55'),(214,'Tantiono','200030330000','2019-11-05 17:59:55'),(215,'Tantiono','200030330000','2019-11-05 18:29:55'),(216,'Tantiono','200030330000','2019-11-05 18:59:55'),(217,'Tantiono','200030330000','2019-11-05 19:29:55'),(218,'Tantiono','200030330000','2019-11-05 23:29:55'),(219,'Tantiono','200030330000','2019-11-05 23:59:55'),(220,'Tantiono','200030330000','2019-11-06 00:29:55'),(221,'Tantiono','200030330000','2019-11-06 00:59:55'),(222,'Tantiono','200030330000','2019-11-06 01:29:55'),(223,'Tantiono','200030330000','2019-11-06 01:59:55'),(224,'Tantiono','200030330000','2019-11-06 02:29:55'),(225,'Tantiono','200030330000','2019-11-06 02:59:55'),(226,'Tantiono','200030330000','2019-11-06 03:29:55'),(227,'Tantiono','200030330000','2019-11-06 03:59:55'),(228,'Tantiono','200030330000','2019-11-06 04:29:55'),(229,'Tantiono','200030330000','2019-11-06 04:59:55'),(230,'Tantiono','200030330000','2019-11-06 05:29:54'),(231,'Tantiono','200030330000','2019-11-06 05:59:55'),(232,'Tantiono','200030330000','2019-11-06 06:29:55'),(233,'Tantiono','200030330000','2019-11-06 06:59:54'),(234,'Tantiono','200030330000','2019-11-06 07:29:54'),(235,'Tantiono','200030330000','2019-11-06 07:59:55'),(236,'Tantiono','200030330000','2019-11-06 08:29:54'),(237,'Tantiono','200030330000','2019-11-06 08:59:54'),(238,'Tantiono','200030330000','2019-11-06 09:59:54'),(239,'Tantiono','200030330000','2019-11-06 10:29:54'),(240,'Tantiono','200030330000','2019-11-06 10:59:54'),(241,'Tantiono','200030330000','2019-11-06 11:29:54'),(242,'Tantiono','200030330000','2019-11-06 11:59:54'),(243,'Tantiono','200030330000','2019-11-06 12:29:54'),(244,'Tantiono','200030330000','2019-11-06 12:59:54'),(245,'Tantiono','200030330000','2019-11-06 13:29:56'),(246,'Tantiono','200030330000','2019-11-06 13:59:54'),(247,'Tantiono','200030330000','2019-11-06 14:29:54'),(248,'Tantiono','200030330000','2019-11-06 14:59:54'),(249,'Tantiono','200030330000','2019-11-06 15:29:54'),(250,'Tantiono','200030330000','2019-11-06 15:59:54'),(251,'Tantiono','200030330000','2019-11-06 16:29:54'),(252,'Tantiono','200030330000','2019-11-06 16:59:54'),(253,'Tantiono','200030330000','2019-11-06 17:29:54'),(254,'Tantiono','200030330000','2019-11-06 17:59:54'),(255,'Tantiono','200030330000','2019-11-06 18:29:54'),(256,'Tantiono','200030330000','2019-11-06 18:59:54'),(257,'Tantiono','200030330000','2019-11-06 19:59:54'),(258,'Tantiono','200030330000','2019-11-06 20:59:54'),(259,'Tantiono','200030330000','2019-11-06 21:29:53'),(260,'Tantiono','200030330000','2019-11-06 21:59:54'),(261,'Tantiono','200030330000','2019-11-06 22:29:54'),(262,'Tantiono','200030330000','2019-11-06 22:59:54'),(263,'Tantiono','200030330000','2019-11-06 23:29:54'),(264,'Tantiono','200030330000','2019-11-06 23:59:54'),(265,'Tantiono','200030330000','2019-11-07 00:29:54'),(266,'Tantiono','200030330000','2019-11-07 00:59:54'),(267,'Tantiono','200030330000','2019-11-07 01:29:54'),(268,'Tantiono','200030330000','2019-11-07 01:59:53'),(269,'Tantiono','200030330000','2019-11-07 02:29:54'),(270,'Tantiono','200030330000','2019-11-07 02:59:54'),(271,'Tantiono','200030330000','2019-11-07 03:29:54'),(272,'Tantiono','200030330000','2019-11-07 04:00:00'),(273,'Tantiono','200030330000','2019-11-07 04:30:00'),(274,'Tantiono','200030330000','2019-11-07 05:00:00'),(275,'Tantiono','200030330000','2019-11-07 05:30:00'),(276,'Tantiono','200030330000','2019-11-07 06:00:00'),(277,'Tantiono','200030330000','2019-11-07 06:30:00'),(278,'Tantiono','200030330000','2019-11-07 07:00:00'),(279,'Tantiono','200030330000','2019-11-07 07:30:00'),(280,'Tantiono','200030330000','2019-11-07 08:00:00'),(281,'Tantiono','200030330000','2019-11-07 08:30:00'),(282,'Tantiono','200030330000','2019-11-07 09:00:00'),(283,'Tantiono','200030330000','2019-11-07 09:30:00'),(284,'Tantiono','200030330000','2019-11-07 10:00:00'),(285,'Tantiono','200030330000','2019-11-07 10:30:00'),(286,'Tantiono','200030330000','2019-11-07 11:00:00'),(287,'Tantiono','200030330000','2019-11-07 11:30:00'),(288,'Tantiono','200030330000','2019-11-07 12:00:00'),(289,'Tantiono','200030330000','2019-11-07 12:30:00'),(290,'Tantiono','200030330000','2019-11-07 13:00:00'),(291,'Tantiono','200030330000','2019-11-07 13:30:00'),(292,'Tantiono','200030330000','2019-11-07 14:00:00'),(293,'Tantiono','200030330000','2019-11-07 14:30:00'),(294,'Tantiono','200030330000','2019-11-07 15:00:00'),(295,'Tantiono','200030330000','2019-11-07 15:30:01'),(296,'Tantiono','200030330000','2019-11-07 16:00:00'),(297,'Tantiono','200030330000','2019-11-07 16:30:00'),(298,'Tantiono','200030330000','2019-11-07 17:00:00'),(299,'Tantiono','200030330000','2019-11-07 17:30:00'),(300,'Tantiono','200030330000','2019-11-07 18:00:00'),(301,'Tantiono','200030330000','2019-11-07 18:30:00'),(302,'Tantiono','200030330000','2019-11-07 19:00:00'),(303,'Tantiono','200030330000','2019-11-07 19:30:00'),(304,'Tantiono','200030330000','2019-11-07 19:59:59'),(305,'Tantiono','200030330000','2019-11-07 20:29:59'),(306,'Tantiono','200030330000','2019-11-07 21:00:00'),(307,'Tantiono','200030330000','2019-11-07 21:30:00'),(308,'Tantiono','200030330000','2019-11-07 21:59:59'),(309,'Tantiono','200030330000','2019-11-07 22:30:00'),(310,'Tantiono','200030330000','2019-11-07 23:00:00'),(311,'Tantiono','200030330000','2019-11-07 23:29:59'),(312,'Tantiono','200030330000','2019-11-07 23:59:59'),(313,'Tantiono','200030330000','2019-11-08 00:30:00'),(314,'Tantiono','200030330000','2019-11-08 00:59:59'),(315,'Tantiono','200030330000','2019-11-08 01:29:59'),(316,'Tantiono','200030330000','2019-11-08 01:59:59'),(317,'Tantiono','200030330000','2019-11-08 02:29:59'),(318,'Tantiono','200030330000','2019-11-08 02:59:59'),(319,'Tantiono','200030330000','2019-11-08 03:29:59'),(320,'Tantiono','200030330000','2019-11-08 03:59:59'),(321,'Tantiono','200030330000','2019-11-08 04:29:59'),(322,'Tantiono','200030330000','2019-11-08 04:59:59'),(323,'Tantiono','200030330000','2019-11-08 05:29:59'),(324,'Tantiono','200030330000','2019-11-08 05:59:59'),(325,'Tantiono','200030330000','2019-11-08 06:29:59'),(326,'Tantiono','200030330000','2019-11-08 06:59:59'),(327,'Tantiono','200030330000','2019-11-08 07:29:59'),(328,'Tantiono','200030330000','2019-11-08 07:59:59'),(329,'Tantiono','200030330000','2019-11-08 08:29:59'),(330,'Tantiono','200030330000','2019-11-08 08:59:59'),(331,'Tantiono','200030330000','2019-11-08 09:29:59'),(332,'Tantiono','200030330000','2019-11-08 09:59:59'),(333,'Tantiono','200030330000','2019-11-08 10:29:59'),(334,'Tantiono','200030330000','2019-11-08 10:59:59'),(335,'Tantiono','200030330000','2019-11-08 11:29:59'),(336,'Tantiono','200030330000','2019-11-08 11:59:59'),(337,'Tantiono','200030330000','2019-11-08 12:29:59'),(338,'Tantiono','200030330000','2019-11-08 12:59:59'),(339,'Tantiono','200030330000','2019-11-08 13:29:59'),(340,'Tantiono','200030330000','2019-11-08 13:59:59'),(341,'Tantiono','200030330000','2019-11-08 14:29:59'),(342,'Tantiono','200030330000','2019-11-08 14:59:59'),(343,'Tantiono','200030330000','2019-11-08 15:29:59'),(344,'Tantiono','200030330000','2019-11-08 15:59:59'),(345,'Tantiono','200030330000','2019-11-08 16:29:59'),(346,'Tantiono','200030330000','2019-11-08 16:59:59'),(347,'Tantiono','200030330000','2019-11-08 17:29:59'),(348,'Tantiono','200030330000','2019-11-08 17:59:59'),(349,'Tantiono','200030330000','2019-11-08 18:29:59'),(350,'Tantiono','200030330000','2019-11-08 18:59:58'),(351,'Tantiono','200030330000','2019-11-08 19:29:58'),(352,'Tantiono','200030330000','2019-11-08 19:59:58'),(353,'Tantiono','200030330000','2019-11-08 20:29:58'),(354,'Tantiono','200030330000','2019-11-08 20:59:58'),(355,'Tantiono','200030330000','2019-11-08 21:29:58'),(356,'Tantiono','200030330000','2019-11-08 21:59:58'),(357,'Tantiono','200030330000','2019-11-08 22:29:58'),(358,'Tantiono','200030330000','2019-11-08 22:59:58'),(359,'Tantiono','200030330000','2019-11-08 23:29:58'),(360,'Tantiono','200030330000','2019-11-08 23:59:58'),(361,'Tantiono','200030330000','2019-11-09 00:29:58'),(362,'Tantiono','200030330000','2019-11-09 00:59:58'),(363,'Tantiono','200030330000','2019-11-09 01:29:58'),(364,'Tantiono','200030330000','2019-11-09 01:59:58'),(365,'Tantiono','200030330000','2019-11-09 02:29:58'),(366,'Tantiono','200030330000','2019-11-09 02:59:58'),(367,'Tantiono','200030330000','2019-11-09 03:29:58'),(368,'Tantiono','200030330000','2019-11-09 03:59:58'),(369,'Tantiono','200030330000','2019-11-09 04:29:58'),(370,'Tantiono','200030330000','2019-11-09 04:59:58'),(371,'Tantiono','200030330000','2019-11-09 05:29:58'),(372,'Tantiono','200030330000','2019-11-09 05:59:58'),(373,'Tantiono','200030330000','2019-11-09 06:29:58'),(374,'Tantiono','200030330000','2019-11-09 06:59:58'),(375,'Tantiono','200030330000','2019-11-09 07:29:58'),(376,'Tantiono','200030330000','2019-11-09 07:59:58'),(377,'Tantiono','200030330000','2019-11-09 08:29:58'),(378,'Tantiono','200030330000','2019-11-09 08:59:58'),(379,'Tantiono','200030330000','2019-11-09 09:29:58'),(380,'Tantiono','200030330000','2019-11-09 09:59:58'),(381,'Tantiono','200030330000','2019-11-09 10:29:58'),(382,'Tantiono','200030330000','2019-11-09 10:59:58'),(383,'Tantiono','200030330000','2019-11-09 11:29:58'),(384,'Tantiono','200030330000','2019-11-09 11:59:57'),(385,'Tantiono','200030330000','2019-11-09 12:29:57'),(386,'Tantiono','200030330000','2019-11-09 12:59:59'),(387,'Tantiono','200030330000','2019-11-09 13:29:58'),(388,'Tantiono','200030330000','2019-11-09 13:59:58'),(389,'Tantiono','200030330000','2019-11-09 14:29:58'),(390,'Tantiono','200030330000','2019-11-09 14:59:57'),(391,'Tantiono','200030330000','2019-11-09 15:30:00'),(392,'Tantiono','200030330000','2019-11-09 15:59:57'),(393,'Tantiono','200030330000','2019-11-09 16:29:57'),(394,'Tantiono','200030330000','2019-11-09 16:59:58'),(395,'Tantiono','200030330000','2019-11-09 17:29:57'),(396,'Tantiono','200030330000','2019-11-09 17:59:57'),(397,'Tantiono','200030330000','2019-11-09 18:29:57'),(398,'Tantiono','200030330000','2019-11-09 18:59:57'),(399,'Tantiono','200030330000','2019-11-09 19:29:57'),(400,'Tantiono','200030330000','2019-11-09 19:59:57'),(401,'Tantiono','200030330000','2019-11-09 20:29:57'),(402,'Tantiono','200030330000','2019-11-09 20:59:57'),(403,'Tantiono','200030330000','2019-11-09 21:29:57'),(404,'Tantiono','200030330000','2019-11-09 21:59:57'),(405,'Tantiono','200030330000','2019-11-09 22:29:57'),(406,'Tantiono','200030330000','2019-11-09 22:59:57'),(407,'Tantiono','200030330000','2019-11-09 23:29:57'),(408,'Tantiono','200030330000','2019-11-09 23:59:57'),(409,'Tantiono','200030330000','2019-11-10 00:29:57'),(410,'Tantiono','200030330000','2019-11-10 00:59:57'),(411,'Tantiono','200030330000','2019-11-10 01:29:57'),(412,'Tantiono','200030330000','2019-11-10 01:59:57'),(413,'Tantiono','200030330000','2019-11-10 02:29:57'),(414,'Tantiono','200030330000','2019-11-10 02:59:57'),(415,'Tantiono','200030330000','2019-11-10 03:29:57'),(416,'Tantiono','200030330000','2019-11-10 03:59:57'),(417,'Tantiono','200030330000','2019-11-10 04:29:57'),(418,'Tantiono','200030330000','2019-11-10 04:59:57'),(419,'Tantiono','200030330000','2019-11-10 05:29:57'),(420,'Tantiono','200030330000','2019-11-10 05:59:57'),(421,'Tantiono','200030330000','2019-11-10 06:29:57'),(422,'Tantiono','200030330000','2019-11-10 06:59:57'),(423,'Tantiono','200030330000','2019-11-10 07:29:57'),(424,'Tantiono','200030330000','2019-11-10 07:59:57'),(425,'Tantiono','200030330000','2019-11-10 08:29:57'),(426,'Tantiono','200030330000','2019-11-10 08:59:57'),(427,'Tantiono','200030330000','2019-11-10 09:29:57'),(428,'Tantiono','200030330000','2019-11-10 09:59:56'),(429,'Tantiono','200030330000','2019-11-10 10:29:57'),(430,'Tantiono','200030330000','2019-11-10 10:59:56'),(431,'Tantiono','200030330000','2019-11-10 11:29:57'),(432,'Tantiono','200030330000','2019-11-10 11:59:57'),(433,'Tantiono','200030330000','2019-11-10 12:30:01'),(434,'Tantiono','200030330000','2019-11-10 12:59:56'),(435,'Tantiono','200030330000','2019-11-10 13:29:56'),(436,'Tantiono','200030330000','2019-11-10 13:59:56'),(437,'Tantiono','200030330000','2019-11-10 14:29:56'),(438,'Tantiono','200030330000','2019-11-10 14:59:56'),(439,'Tantiono','200030330000','2019-11-10 15:29:56'),(440,'Tantiono','200030330000','2019-11-10 15:59:56'),(441,'Tantiono','200030330000','2019-11-10 16:29:56'),(442,'Tantiono','200030330000','2019-11-10 16:59:56'),(443,'Tantiono','200030330000','2019-11-10 17:29:56'),(444,'Tantiono','200030330000','2019-11-10 17:59:56'),(445,'Tantiono','200030330000','2019-11-10 18:29:56'),(446,'Tantiono','200030330000','2019-11-10 18:59:56'),(447,'Tantiono','200030330000','2019-11-10 19:29:56'),(448,'Tantiono','200030330000','2019-11-10 19:59:56'),(449,'Tantiono','200030330000','2019-11-10 20:29:59'),(450,'Tantiono','200030330000','2019-11-10 20:59:56'),(451,'Tantiono','200030330000','2019-11-10 21:29:56'),(452,'Tantiono','200030330000','2019-11-10 21:59:56'),(453,'Tantiono','200030330000','2019-11-10 22:29:56'),(454,'Tantiono','200030330000','2019-11-10 22:59:56'),(455,'Tantiono','200030330000','2019-11-10 23:29:56'),(456,'Tantiono','200030330000','2019-11-10 23:59:56'),(457,'Tantiono','200030330000','2019-11-11 00:29:56'),(458,'Tantiono','200030330000','2019-11-11 00:59:56'),(459,'Tantiono','200030330000','2019-11-11 01:29:56'),(460,'Tantiono','200030330000','2019-11-11 01:59:56'),(461,'Tantiono','200030330000','2019-11-11 02:29:56'),(462,'Tantiono','200030330000','2019-11-11 02:59:56'),(463,'Tantiono','200030330000','2019-11-11 03:29:56'),(464,'Tantiono','200030330000','2019-11-11 03:59:56'),(465,'Tantiono','200030330000','2019-11-11 04:29:56'),(466,'Tantiono','200030330000','2019-11-11 04:59:56'),(467,'Tantiono','200030330000','2019-11-11 05:29:56'),(468,'Tantiono','200030330000','2019-11-11 05:59:56'),(469,'Tantiono','200030330000','2019-11-11 06:29:56'),(470,'Tantiono','200030330000','2019-11-11 06:59:56'),(471,'Tantiono','200030330000','2019-11-11 07:29:56'),(472,'Tantiono','200030330000','2019-11-11 07:59:56'),(473,'Tantiono','200030330000','2019-11-11 08:59:55'),(474,'Tantiono','200030330000','2019-11-11 09:30:37'),(475,'Tantiono','200030330000','2019-11-11 09:59:56'),(476,'Tantiono','200030330000','2019-11-11 10:29:56'),(477,'Tantiono','200030330000','2019-11-11 10:59:55'),(478,'Tantiono','200030330000','2019-11-11 11:29:55'),(479,'Tantiono','200030330000','2019-11-11 11:59:55'),(480,'Tantiono','200030330000','2019-11-11 12:29:55'),(481,'Tantiono','200030330000','2019-11-11 12:59:55'),(482,'Tantiono','200030330000','2019-11-11 13:29:55'),(483,'Tantiono','200030330000','2019-11-11 13:59:55'),(484,'Tantiono','200030330000','2019-11-11 14:29:55'),(485,'Tantiono','200030330000','2019-11-11 14:59:55'),(486,'Tantiono','200030330000','2019-11-11 15:29:55'),(487,'Tantiono','200030330000','2019-11-11 15:59:55'),(488,'Tantiono','200030330000','2019-11-11 16:29:56'),(489,'Tantiono','200030330000','2019-11-11 16:59:55'),(490,'Tantiono','200030330000','2019-11-11 17:29:55'),(491,'Tantiono','200030330000','2019-11-11 17:59:55'),(492,'Tantiono','200030330000','2019-11-11 18:29:55'),(493,'Tantiono','200030330000','2019-11-11 18:59:55'),(494,'Tantiono','200030330000','2019-11-11 19:29:55'),(495,'Tantiono','200030330000','2019-11-11 19:59:55'),(496,'Tantiono','200030330000','2019-11-11 20:29:55'),(497,'Tantiono','200030330000','2019-11-11 20:59:55'),(498,'Tantiono','200030330000','2019-11-11 21:29:55'),(499,'Tantiono','200030330000','2019-11-11 21:59:55'),(500,'Tantiono','200030330000','2019-11-11 22:29:55'),(501,'Tantiono','200030330000','2019-11-11 22:59:55'),(502,'Tantiono','200030330000','2019-11-11 23:29:55'),(503,'Tantiono','200030330000','2019-11-11 23:59:55'),(504,'Tantiono','200030330000','2019-11-12 00:29:54'),(505,'Tantiono','200030330000','2019-11-12 00:59:55'),(506,'Tantiono','200030330000','2019-11-12 01:29:55'),(507,'Tantiono','200030330000','2019-11-12 01:59:55'),(508,'Tantiono','200030330000','2019-11-12 02:29:55'),(509,'Tantiono','200030330000','2019-11-12 02:59:55'),(510,'Tantiono','200030330000','2019-11-12 03:29:55'),(511,'Tantiono','200030330000','2019-11-12 03:59:54'),(512,'Tantiono','200030330000','2019-11-12 04:29:54'),(513,'Tantiono','200030330000','2019-11-12 04:59:55'),(514,'Tantiono','200030330000','2019-11-12 05:29:55'),(515,'Tantiono','200030330000','2019-11-12 05:59:55'),(516,'Tantiono','200030330000','2019-11-12 06:29:54'),(517,'Tantiono','200030330000','2019-11-12 06:59:55'),(518,'Tantiono','200030330000','2019-11-12 07:29:54'),(519,'Tantiono','200030330000','2019-11-12 07:59:54'),(520,'Tantiono','200030330000','2019-11-12 08:29:54'),(521,'Tantiono','200030330000','2019-11-12 08:59:54'),(522,'Tantiono','200030330000','2019-11-12 09:29:54'),(523,'Tantiono','200030330000','2019-11-12 09:59:54'),(524,'Tantiono','200030330000','2019-11-12 10:29:54'),(525,'Tantiono','200030330000','2019-11-12 10:59:54'),(526,'Tantiono','200030330000','2019-11-12 11:29:54'),(527,'Tantiono','200030330000','2019-11-12 11:59:54'),(528,'Tantiono','200030330000','2019-11-12 12:29:54'),(529,'Tantiono','200030330000','2019-11-12 12:59:54'),(530,'Tantiono','200030330000','2019-11-12 13:29:54'),(531,'Tantiono','200030330000','2019-11-12 13:59:54'),(532,'Tantiono','200030330000','2019-11-12 14:59:54'),(533,'Tantiono','200030330000','2019-11-12 15:29:54'),(534,'Tantiono','200030330000','2019-11-12 15:59:54'),(535,'Tantiono','200030330000','2019-11-12 16:29:54'),(536,'Tantiono','200030330000','2019-11-12 16:59:54'),(537,'Tantiono','200030330000','2019-11-12 17:29:54'),(538,'Tantiono','200030330000','2019-11-12 17:59:54'),(539,'Tantiono','200030330000','2019-11-12 18:29:54'),(540,'Tantiono','200030330000','2019-11-12 18:59:54'),(541,'Tantiono','200030330000','2019-11-12 19:29:54'),(542,'Tantiono','200030330000','2019-11-12 20:30:03'),(543,'Tantiono','200030330000','2019-11-12 20:59:54'),(544,'Tantiono','200030330000','2019-11-12 21:29:54'),(545,'Tantiono','200030330000','2019-11-12 21:59:54'),(546,'Tantiono','200030330000','2019-11-12 22:29:54'),(547,'Tantiono','200030330000','2019-11-12 22:59:54'),(548,'Tantiono','200030330000','2019-11-12 23:29:54'),(549,'Tantiono','200030330000','2019-11-12 23:59:53'),(550,'Tantiono','200030330000','2019-11-13 00:29:53'),(551,'Tantiono','200030330000','2019-11-13 00:59:53'),(552,'Tantiono','200030330000','2019-11-13 01:29:54'),(553,'Tantiono','200030330000','2019-11-13 01:59:53'),(554,'Tantiono','200030330000','2019-11-13 02:29:53'),(555,'Tantiono','200030330000','2019-11-13 02:59:53'),(556,'Tantiono','200030330000','2019-11-13 03:29:53'),(557,'Tantiono','200030330000','2019-11-13 03:59:53'),(558,'Tantiono','200030330000','2019-11-13 04:29:53'),(559,'Tantiono','200030330000','2019-11-13 04:59:53'),(560,'Tantiono','200030330000','2019-11-13 05:29:53'),(561,'Tantiono','200030330000','2019-11-13 05:59:53'),(562,'Tantiono','200030330000','2019-11-13 06:29:53'),(563,'Tantiono','200030330000','2019-11-13 06:59:53'),(564,'Tantiono','200030330000','2019-11-13 07:29:53'),(565,'Tantiono','200030330000','2019-11-13 07:59:53'),(566,'Tantiono','200030330000','2019-11-13 08:29:53'),(567,'Tantiono','200030330000','2019-11-13 08:59:53'),(568,'Tantiono','200030330000','2019-11-13 09:29:53'),(569,'Tantiono','200030330000','2019-11-13 09:59:53'),(570,'Tantiono','200030330000','2019-11-13 10:29:53'),(571,'Tantiono','200030330000','2019-11-13 10:59:53'),(572,'Tantiono','200030330000','2019-11-13 11:29:53'),(573,'Tantiono','200030330000','2019-11-13 11:59:53'),(574,'Tantiono','200030330000','2019-11-13 12:29:53'),(575,'Tantiono','200030330000','2019-11-13 12:59:53'),(576,'Tantiono','200030330000','2019-11-13 13:29:53'),(577,'Tantiono','200030330000','2019-11-13 13:59:53'),(578,'Tantiono','200030330000','2019-11-13 14:59:53'),(579,'Tantiono','200030330000','2019-11-13 15:29:53'),(580,'Tantiono','200030330000','2019-11-13 15:59:53'),(581,'Tantiono','200030330000','2019-11-13 16:29:53'),(582,'Tantiono','200030330000','2019-11-13 16:59:53'),(583,'Tantiono','200030330000','2019-11-13 17:29:54'),(584,'Tantiono','200030330000','2019-11-13 17:59:54'),(585,'Tantiono','200030330000','2019-11-13 18:29:53'),(586,'Tantiono','200030330000','2019-11-13 18:59:52'),(587,'Tantiono','200030330000','2019-11-13 19:29:52'),(588,'Tantiono','200030330000','2019-11-13 19:59:52'),(589,'Tantiono','200030330000','2019-11-13 20:30:01'),(590,'Tantiono','200030330000','2019-11-13 20:59:53'),(591,'Tantiono','200030330000','2019-11-13 21:29:52'),(592,'Tantiono','200030330000','2019-11-13 21:59:52'),(593,'Tantiono','200030330000','2019-11-13 22:29:53'),(594,'Tantiono','200030330000','2019-11-13 22:59:52'),(595,'Tantiono','200030330000','2019-11-13 23:29:52'),(596,'Tantiono','200030330000','2019-11-14 00:29:52'),(597,'Tantiono','200030330000','2019-11-14 00:59:52'),(598,'Tantiono','200030330000','2019-11-14 01:29:52'),(599,'Tantiono','200030330000','2019-11-14 01:59:52'),(600,'Tantiono','200030330000','2019-11-14 02:29:52'),(601,'Tantiono','200030330000','2019-11-14 02:59:52'),(602,'Tantiono','200030330000','2019-11-14 03:29:52'),(603,'Tantiono','200030330000','2019-11-14 03:59:52'),(604,'Tantiono','200030330000','2019-11-14 04:29:52'),(605,'Tantiono','200030330000','2019-11-14 04:59:52'),(606,'Tantiono','200030330000','2019-11-14 05:29:52'),(607,'Tantiono','200030330000','2019-11-14 05:59:52'),(608,'Tantiono','200030330000','2019-11-14 06:29:52'),(609,'Tantiono','200030330000','2019-11-14 06:59:52'),(610,'Tantiono','200030330000','2019-11-14 07:29:52'),(611,'Tantiono','200030330000','2019-11-14 07:59:52'),(612,'Tantiono','200030330000','2019-11-14 08:29:52'),(613,'Tantiono','200030330000','2019-11-14 08:59:52'),(614,'Tantiono','200030330000','2019-11-14 09:29:52'),(615,'Tantiono','200030330000','2019-11-14 09:59:52'),(616,'Tantiono','200030330000','2019-11-14 10:29:52'),(617,'Tantiono','200030330000','2019-11-14 10:59:52'),(618,'Tantiono','200030330000','2019-11-14 11:29:51'),(619,'Tantiono','200030330000','2019-11-14 11:59:52'),(620,'Tantiono','200030330000','2019-11-14 12:29:52'),(621,'Tantiono','200030330000','2019-11-14 12:59:52'),(622,'Tantiono','200030330000','2019-11-14 13:29:52'),(623,'Tantiono','200030330000','2019-11-14 13:59:52'),(624,'Tantiono','200030330000','2019-11-14 14:29:52'),(625,'Tantiono','200030330000','2019-11-14 14:59:52'),(626,'Tantiono','200030330000','2019-11-14 15:29:52'),(627,'Tantiono','200030330000','2019-11-14 15:59:51'),(628,'Tantiono','200030330000','2019-11-14 16:29:51'),(629,'Tantiono','200030330000','2019-11-14 16:59:51'),(630,'Tantiono','200030330000','2019-11-14 17:29:51'),(631,'Tantiono','200030330000','2019-11-14 17:59:51'),(632,'Tantiono','200030330000','2019-11-14 18:29:51'),(633,'Tantiono','200030330000','2019-11-14 18:59:51'),(634,'Tantiono','200030330000','2019-11-14 19:29:51'),(635,'Tantiono','200030330000','2019-11-14 19:59:51'),(636,'Tantiono','200030330000','2019-11-14 20:29:51'),(637,'Tantiono','200030330000','2019-11-14 20:59:51'),(638,'Tantiono','200030330000','2019-11-14 21:29:51'),(639,'Tantiono','200030330000','2019-11-14 21:59:51'),(640,'Tantiono','200030330000','2019-11-14 22:29:51'),(641,'Tantiono','200030330000','2019-11-14 22:59:51'),(642,'Tantiono','200030330000','2019-11-14 23:29:51'),(643,'Tantiono','200030330000','2019-11-14 23:59:51'),(644,'Tantiono','200030330000','2019-11-15 00:29:51'),(645,'Tantiono','200030330000','2019-11-15 00:59:51'),(646,'Tantiono','200030330000','2019-11-15 01:29:51'),(647,'Tantiono','200030330000','2019-11-15 01:59:51'),(648,'Tantiono','200030330000','2019-11-15 02:29:51'),(649,'Tantiono','200030330000','2019-11-15 02:59:51'),(650,'Tantiono','200030330000','2019-11-15 03:29:51'),(651,'Tantiono','200030330000','2019-11-15 03:59:51'),(652,'Tantiono','200030330000','2019-11-15 04:29:51'),(653,'Tantiono','200030330000','2019-11-15 04:39:04'),(654,'Tantiono','200030330000','2019-11-15 04:40:10'),(655,'Tantiono','200030330000','2019-11-15 04:43:02'),(656,'Tantiono','200030330000','2019-11-15 04:45:55'),(657,'Tantiono','200030330000','2019-11-15 04:51:21'),(658,'Tantiono','200030330000','2019-11-15 04:52:08'),(659,'Tantiono','200030330000','2019-11-15 04:53:56'),(660,'Tantiono','200030330000','2019-11-15 04:54:20'),(661,'Tantiono','200030330000','2019-11-15 04:54:57'),(662,'Tantiono','200030330000','2019-11-15 04:55:30'),(663,'Tantiono','200030330000','2019-11-15 04:56:54'),(664,'Tantiono','200030330000','2019-11-15 04:57:18'),(665,'Tantiono','200030330000','2019-11-15 04:58:41'),(666,'Tantiono','200030330000','2019-11-15 04:59:51'),(667,'Tantiono','200030330000','2019-11-15 05:00:37'),(668,'Tantiono','200030330000','2019-11-15 05:01:46'),(669,'Tantiono','200030330000','2019-11-15 05:29:51'),(670,'Tantiono','200030330000','2019-11-15 05:59:51'),(671,'Tantiono','200030330000','2019-11-15 06:29:51'),(672,'Tantiono','200030330000','2019-11-15 06:59:51'),(673,'Tantiono','200030330000','2019-11-15 07:29:51'),(674,'Tantiono','200030330000','2019-11-15 07:59:50'),(675,'Tantiono','200030330000','2019-11-15 08:29:51'),(676,'Tantiono','200030330000','2019-11-15 08:59:51'),(677,'Tantiono','200030330000','2019-11-15 09:17:47'),(678,'Tantiono','200030330000','2019-11-15 09:18:16');

/*Table structure for table `tb_tipe_db` */

DROP TABLE IF EXISTS `tb_tipe_db`;

CREATE TABLE `tb_tipe_db` (
  `id` int(5) NOT NULL AUTO_INCREMENT,
  `tipe_db` varchar(100) DEFAULT NULL,
  PRIMARY KEY (`id`)
) ENGINE=InnoDB AUTO_INCREMENT=4 DEFAULT CHARSET=latin1;

/*Data for the table `tb_tipe_db` */

insert  into `tb_tipe_db`(`id`,`tipe_db`) values (1,'mysql'),(2,'sql server'),(3,'postgres');

/*Table structure for table `tb_transaksi` */

DROP TABLE IF EXISTS `tb_transaksi`;

CREATE TABLE `tb_transaksi` (
  `kd_trx` int(11) NOT NULL AUTO_INCREMENT,
  `kd_client` int(11) DEFAULT NULL,
  `npwp` varchar(100) DEFAULT NULL,
  `nama_wp` varchar(100) DEFAULT NULL,
  `kd_jenispajak` int(11) DEFAULT NULL,
  `rekening` varchar(100) DEFAULT NULL,
  `jenis_pajak` varchar(100) DEFAULT NULL,
  `id_transaksi` int(11) DEFAULT NULL,
  `waktu_trx` timestamp NULL DEFAULT NULL,
  `nilai_trx` int(11) DEFAULT NULL,
  `disc_trx` int(11) DEFAULT NULL,
  `keterangan` text,
  `tanggal_insert` timestamp NOT NULL DEFAULT CURRENT_TIMESTAMP,
  PRIMARY KEY (`kd_trx`)
) ENGINE=InnoDB DEFAULT CHARSET=latin1;

/*Data for the table `tb_transaksi` */

/*Table structure for table `tb_transaksi_dept` */

DROP TABLE IF EXISTS `tb_transaksi_dept`;

CREATE TABLE `tb_transaksi_dept` (
  `id` int(11) NOT NULL AUTO_INCREMENT,
  `keterangan` varchar(50) DEFAULT NULL,
  `jumlah` double DEFAULT NULL,
  `tgl_transaksi` varchar(22) DEFAULT NULL,
  `tgl_proses` timestamp NOT NULL DEFAULT CURRENT_TIMESTAMP,
  `npwpd` varchar(12) DEFAULT NULL,
  `nama_wp` varchar(100) DEFAULT NULL,
  `qty` int(11) DEFAULT NULL,
  `harga` double DEFAULT NULL,
  `disc` int(11) DEFAULT NULL,
  `kode_item` varchar(10) DEFAULT NULL,
  PRIMARY KEY (`id`)
) ENGINE=InnoDB AUTO_INCREMENT=4827 DEFAULT CHARSET=latin1;

/*Data for the table `tb_transaksi_dept` */

insert  into `tb_transaksi_dept`(`id`,`keterangan`,`jumlah`,`tgl_transaksi`,`tgl_proses`,`npwpd`,`nama_wp`,`qty`,`harga`,`disc`,`kode_item`) values (511,'LOTUS RESTO',33057.85,'2019-10-16 00:00:00.0','2019-10-26 13:30:24','200030330000','Tantiono',NULL,NULL,NULL,NULL),(512,'LOTUS RESTO',0,'2019-10-16 00:00:00.0','2019-10-26 13:30:24','200030330000','Tantiono',NULL,NULL,NULL,NULL),(513,'Breakfast',727272.7,'2019-10-16 00:00:00.0','2019-10-26 13:30:24','200030330000','Tantiono',NULL,NULL,NULL,NULL),(514,'Room Charge',2803409.05,'2019-10-16 00:00:00.0','2019-10-26 13:30:24','200030330000','Tantiono',NULL,NULL,NULL,NULL),(515,'LOTUS RESTO',24793.39,'2019-10-17 00:00:00.0','2019-10-26 13:30:24','200030330000','Tantiono',NULL,NULL,NULL,NULL),(516,'ROOM SERVICE',15000,'2019-10-17 00:00:00.0','2019-10-26 13:30:25','200030330000','Tantiono',NULL,NULL,NULL,NULL),(517,'ROOM SERVICE',30000,'2019-10-17 00:00:00.0','2019-10-26 13:30:25','200030330000','Tantiono',NULL,NULL,NULL,NULL),(518,'LOTUS RESTO',0,'2019-10-17 00:00:00.0','2019-10-26 13:30:25','200030330000','Tantiono',NULL,NULL,NULL,NULL),(519,'ROOM SERVICE',0,'2019-10-17 00:00:00.0','2019-10-26 13:30:25','200030330000','Tantiono',NULL,NULL,NULL,NULL),(520,'ROOM SERVICE',0,'2019-10-17 00:00:00.0','2019-10-26 13:30:25','200030330000','Tantiono',NULL,NULL,NULL,NULL),(521,'Breakfast',661157,'2019-10-17 00:00:00.0','2019-10-26 13:30:25','200030330000','Tantiono',NULL,NULL,NULL,NULL),(522,'Room Charge',2921502.45,'2019-10-17 00:00:00.0','2019-10-26 13:30:25','200030330000','Tantiono',NULL,NULL,NULL,NULL),(523,'LOTUS RESTO',32231.4,'2019-10-19 00:00:00.0','2019-10-26 13:30:25','200030330000','Tantiono',NULL,NULL,NULL,NULL),(524,'LOTUS RESTO',0,'2019-10-19 00:00:00.0','2019-10-26 13:30:25','200030330000','Tantiono',NULL,NULL,NULL,NULL),(525,'Breakfast',1983471,'2019-10-19 00:00:00.0','2019-10-26 13:30:25','200030330000','Tantiono',NULL,NULL,NULL,NULL),(526,'Room Charge',7793241.27,'2019-10-19 00:00:00.0','2019-10-26 13:30:25','200030330000','Tantiono',NULL,NULL,NULL,NULL),(527,'Breakfast',396694.2,'2019-10-21 00:00:00.0','2019-10-26 13:30:25','200030330000','Tantiono',NULL,NULL,NULL,NULL),(528,'Room Charge',1851261.13,'2019-10-21 00:00:00.0','2019-10-26 13:30:25','200030330000','Tantiono',NULL,NULL,NULL,NULL),(529,'Breakfast',297520.65,'2019-10-23 00:00:00.0','2019-10-26 13:30:25','200030330000','Tantiono',NULL,NULL,NULL,NULL),(530,'Room Charge',1277009.1,'2019-10-23 00:00:00.0','2019-10-26 13:30:25','200030330000','Tantiono',NULL,NULL,NULL,NULL),(531,'Extra Bed',111570.25,'2019-10-23 00:00:00.0','2019-10-26 13:30:25','200030330000','Tantiono',NULL,NULL,NULL,NULL),(532,'ROOM SERVICE',9917.36,'2019-10-13 00:00:00.0','2019-10-26 13:30:25','200030330000','Tantiono',NULL,NULL,NULL,NULL),(533,'ROOM SERVICE',0,'2019-10-13 00:00:00.0','2019-10-26 13:30:25','200030330000','Tantiono',NULL,NULL,NULL,NULL),(534,'Breakfast',198347.1,'2019-10-13 00:00:00.0','2019-10-26 13:30:25','200030330000','Tantiono',NULL,NULL,NULL,NULL),(535,'Room Charge',2099633.88,'2019-10-13 00:00:00.0','2019-10-26 13:30:25','200030330000','Tantiono',NULL,NULL,NULL,NULL),(536,'Room Rental',330578.51,'2019-10-13 00:00:00.0','2019-10-26 13:30:26','200030330000','Tantiono',NULL,NULL,NULL,NULL),(537,'Room Rental',2892561.98,'2019-10-13 00:00:00.0','2019-10-26 13:30:26','200030330000','Tantiono',NULL,NULL,NULL,NULL),(538,'LOTUS RESTO',49586.78,'2019-10-14 00:00:00.0','2019-10-26 13:30:26','200030330000','Tantiono',NULL,NULL,NULL,NULL),(539,'LOTUS RESTO',0,'2019-10-14 00:00:00.0','2019-10-26 13:30:26','200030330000','Tantiono',NULL,NULL,NULL,NULL),(540,'Breakfast',264462.8,'2019-10-14 00:00:00.0','2019-10-26 13:30:26','200030330000','Tantiono',NULL,NULL,NULL,NULL),(541,'Room Charge',1111563.63,'2019-10-14 00:00:00.0','2019-10-26 13:30:26','200030330000','Tantiono',NULL,NULL,NULL,NULL),(542,'LOSS AND BREAKAGE',41322.32,'2019-10-14 00:00:00.0','2019-10-26 13:30:26','200030330000','Tantiono',NULL,NULL,NULL,NULL),(543,'Breakfast',330578.5,'2019-10-15 00:00:00.0','2019-10-26 13:30:26','200030330000','Tantiono',NULL,NULL,NULL,NULL),(544,'Room Charge',1394080.99,'2019-10-15 00:00:00.0','2019-10-26 13:30:26','200030330000','Tantiono',NULL,NULL,NULL,NULL),(545,'LOTUS RESTO',53719.01,'2019-10-20 00:00:00.0','2019-10-26 13:30:26','200030330000','Tantiono',NULL,NULL,NULL,NULL),(546,'LOTUS RESTO',84710.74,'2019-10-20 00:00:00.0','2019-10-26 13:30:26','200030330000','Tantiono',NULL,NULL,NULL,NULL),(547,'LOTUS RESTO',183057.87,'2019-10-20 00:00:00.0','2019-10-26 13:30:26','200030330000','Tantiono',NULL,NULL,NULL,NULL),(548,'LOTUS RESTO',24793.39,'2019-10-20 00:00:00.0','2019-10-26 13:30:26','200030330000','Tantiono',NULL,NULL,NULL,NULL),(549,'LOTUS RESTO',4132.23,'2019-10-20 00:00:00.0','2019-10-26 13:30:26','200030330000','Tantiono',NULL,NULL,NULL,NULL),(550,'ROOM SERVICE',76000,'2019-10-20 00:00:00.0','2019-10-26 13:30:26','200030330000','Tantiono',NULL,NULL,NULL,NULL),(551,'LOTUS RESTO',0,'2019-10-20 00:00:00.0','2019-10-26 13:30:26','200030330000','Tantiono',NULL,NULL,NULL,NULL),(552,'LOTUS RESTO',0,'2019-10-20 00:00:00.0','2019-10-26 13:30:26','200030330000','Tantiono',NULL,NULL,NULL,NULL),(553,'LOTUS RESTO',0,'2019-10-20 00:00:00.0','2019-10-26 13:30:26','200030330000','Tantiono',NULL,NULL,NULL,NULL),(554,'LOTUS RESTO',0,'2019-10-20 00:00:00.0','2019-10-26 13:30:26','200030330000','Tantiono',NULL,NULL,NULL,NULL),(555,'LOTUS RESTO',0,'2019-10-20 00:00:00.0','2019-10-26 13:30:26','200030330000','Tantiono',NULL,NULL,NULL,NULL),(556,'ROOM SERVICE',0,'2019-10-20 00:00:00.0','2019-10-26 13:30:26','200030330000','Tantiono',NULL,NULL,NULL,NULL),(557,'Breakfast',925619.8,'2019-10-20 00:00:00.0','2019-10-26 13:30:27','200030330000','Tantiono',NULL,NULL,NULL,NULL),(558,'Room Charge',3243967.76,'2019-10-20 00:00:00.0','2019-10-26 13:30:27','200030330000','Tantiono',NULL,NULL,NULL,NULL),(559,'Room Rental',3223140.49,'2019-10-20 00:00:00.0','2019-10-26 13:30:27','200030330000','Tantiono',NULL,NULL,NULL,NULL),(560,'Room Charge',247933.88,'2019-10-20 00:00:00.0','2019-10-26 13:30:27','200030330000','Tantiono',NULL,NULL,NULL,NULL),(561,'LOTUS RESTO',123966.94,'2019-10-22 00:00:00.0','2019-10-26 13:30:27','200030330000','Tantiono',NULL,NULL,NULL,NULL),(562,'LOTUS RESTO',0,'2019-10-22 00:00:00.0','2019-10-26 13:30:27','200030330000','Tantiono',NULL,NULL,NULL,NULL),(563,'Breakfast',528925.6,'2019-10-22 00:00:00.0','2019-10-26 13:30:27','200030330000','Tantiono',NULL,NULL,NULL,NULL),(564,'Room Charge',2471625.59,'2019-10-22 00:00:00.0','2019-10-26 13:30:27','200030330000','Tantiono',NULL,NULL,NULL,NULL),(565,'LOTUS RESTO',11570.25,'2019-10-18 00:00:00.0','2019-10-26 13:30:27','200030330000','Tantiono',NULL,NULL,NULL,NULL),(566,'LOTUS RESTO',0,'2019-10-18 00:00:00.0','2019-10-26 13:30:27','200030330000','Tantiono',NULL,NULL,NULL,NULL),(567,'Breakfast',925619.8,'2019-10-18 00:00:00.0','2019-10-26 13:30:27','200030330000','Tantiono',NULL,NULL,NULL,NULL),(568,'Room Charge',4419369.39,'2019-10-18 00:00:00.0','2019-10-26 13:30:27','200030330000','Tantiono',NULL,NULL,NULL,NULL),(637,'Breakfast',495867.75,'2019-10-24 00:00:00.0','2019-10-28 11:12:22','200030330000','Tantiono',NULL,NULL,NULL,NULL),(638,'Room Charge',2223667.79,'2019-10-24 00:00:00.0','2019-10-28 11:12:22','200030330000','Tantiono',NULL,NULL,NULL,NULL),(639,'Extra Bed',111570.25,'2019-10-24 00:00:00.0','2019-10-28 11:12:23','200030330000','Tantiono',NULL,NULL,NULL,NULL),(640,'LOTUS RESTO',34710.75,'2019-10-25 00:00:00.0','2019-10-28 11:13:59','200030330000','Tantiono',NULL,NULL,NULL,NULL),(641,'LOTUS RESTO',24793.39,'2019-10-25 00:00:00.0','2019-10-28 11:13:59','200030330000','Tantiono',NULL,NULL,NULL,NULL),(642,'ROOM SERVICE',12396.69,'2019-10-25 00:00:00.0','2019-10-28 11:13:59','200030330000','Tantiono',NULL,NULL,NULL,NULL),(643,'ROOM SERVICE',30000,'2019-10-25 00:00:00.0','2019-10-28 11:13:59','200030330000','Tantiono',NULL,NULL,NULL,NULL),(644,'ROOM SERVICE',13884.3,'2019-10-25 00:00:00.0','2019-10-28 11:13:59','200030330000','Tantiono',NULL,NULL,NULL,NULL),(645,'LOTUS RESTO',0,'2019-10-25 00:00:00.0','2019-10-28 11:13:59','200030330000','Tantiono',NULL,NULL,NULL,NULL),(646,'LOTUS RESTO',0,'2019-10-25 00:00:00.0','2019-10-28 11:13:59','200030330000','Tantiono',NULL,NULL,NULL,NULL),(647,'ROOM SERVICE',0,'2019-10-25 00:00:00.0','2019-10-28 11:14:00','200030330000','Tantiono',NULL,NULL,NULL,NULL),(648,'ROOM SERVICE',0,'2019-10-25 00:00:00.0','2019-10-28 11:14:00','200030330000','Tantiono',NULL,NULL,NULL,NULL),(649,'ROOM SERVICE',0,'2019-10-25 00:00:00.0','2019-10-28 11:14:00','200030330000','Tantiono',NULL,NULL,NULL,NULL),(650,'Breakfast',1388429.7,'2019-10-25 00:00:00.0','2019-10-28 11:14:00','200030330000','Tantiono',NULL,NULL,NULL,NULL),(651,'Room Charge',5947776.87,'2019-10-25 00:00:00.0','2019-10-28 11:14:00','200030330000','Tantiono',NULL,NULL,NULL,NULL),(652,'LOTUS RESTO',20661.16,'2019-10-26 00:00:00.0','2019-10-28 11:15:46','200030330000','Tantiono',NULL,NULL,NULL,NULL),(653,'ROOM SERVICE',20661.16,'2019-10-26 00:00:00.0','2019-10-28 11:15:46','200030330000','Tantiono',NULL,NULL,NULL,NULL),(654,'LOTUS RESTO',0,'2019-10-26 00:00:00.0','2019-10-28 11:15:46','200030330000','Tantiono',NULL,NULL,NULL,NULL),(655,'ROOM SERVICE',0,'2019-10-26 00:00:00.0','2019-10-28 11:15:47','200030330000','Tantiono',NULL,NULL,NULL,NULL),(656,'ROOM SERVICE',0,'2019-10-26 00:00:00.0','2019-10-28 11:15:47','200030330000','Tantiono',NULL,NULL,NULL,NULL),(657,'Breakfast',1917355.3,'2019-10-26 00:00:00.0','2019-10-28 11:15:47','200030330000','Tantiono',NULL,NULL,NULL,NULL),(658,'Room Charge',7254239.69,'2019-10-26 00:00:00.0','2019-10-28 11:15:47','200030330000','Tantiono',NULL,NULL,NULL,NULL),(659,'ROOM SERVICE',35000,'2019-10-26 00:00:00.0','2019-10-28 11:15:47','200030330000','Tantiono',NULL,NULL,NULL,NULL),(660,'LOTUS RESTO',33884.31,'2019-10-27 00:00:00.0','2019-10-28 11:16:49','200030330000','Tantiono',NULL,NULL,NULL,NULL),(661,'ROOM SERVICE',27000,'2019-10-27 00:00:00.0','2019-10-28 11:16:49','200030330000','Tantiono',NULL,NULL,NULL,NULL),(662,'ROOM SERVICE',101264.46,'2019-10-27 00:00:00.0','2019-10-28 11:16:49','200030330000','Tantiono',NULL,NULL,NULL,NULL),(663,'LOTUS RESTO',0,'2019-10-27 00:00:00.0','2019-10-28 11:16:49','200030330000','Tantiono',NULL,NULL,NULL,NULL),(664,'ROOM SERVICE',0,'2019-10-27 00:00:00.0','2019-10-28 11:16:49','200030330000','Tantiono',NULL,NULL,NULL,NULL),(665,'ROOM SERVICE',0,'2019-10-27 00:00:00.0','2019-10-28 11:16:49','200030330000','Tantiono',NULL,NULL,NULL,NULL),(666,'Breakfast',0,'2019-10-27 00:00:00.0','2019-10-28 11:16:49','200030330000','Tantiono',NULL,NULL,NULL,NULL),(667,'Room Charge',582508.26,'2019-10-27 00:00:00.0','2019-10-28 11:16:49','200030330000','Tantiono',NULL,NULL,NULL,NULL),(668,'Room Rental',330578.51,'2019-10-27 00:00:00.0','2019-10-28 11:16:49','200030330000','Tantiono',NULL,NULL,NULL,NULL),(669,'LOSS AND BREAKAGE',20661.15,'2019-10-27 00:00:00.0','2019-10-28 11:16:49','200030330000','Tantiono',NULL,NULL,NULL,NULL),(670,'Room Rental',2892561.98,'2019-10-27 00:00:00.0','2019-10-28 11:16:49','200030330000','Tantiono',NULL,NULL,NULL,NULL),(671,'ROOM SERVICE',62000,'2019-10-28 00:00:00.0','2019-10-29 15:03:25','200030330000','Tantiono',NULL,NULL,NULL,NULL),(672,'ROOM SERVICE',0,'2019-10-28 00:00:00.0','2019-10-29 15:03:25','200030330000','Tantiono',NULL,NULL,NULL,NULL),(673,'Breakfast',198347.1,'2019-10-28 00:00:00.0','2019-10-29 15:03:25','200030330000','Tantiono',NULL,NULL,NULL,NULL),(674,'Room Charge',658461.98,'2019-10-28 00:00:00.0','2019-10-29 15:03:25','200030330000','Tantiono',NULL,NULL,NULL,NULL),(941,'LOTUS RESTO',166115.71,'2019-10-12 00:00:00.0','2019-10-30 17:23:10','200030330000','Tantiono',NULL,NULL,NULL,NULL),(942,'LOTUS RESTO',197107.45,'2019-10-12 00:00:00.0','2019-10-30 17:23:10','200030330000','Tantiono',NULL,NULL,NULL,NULL),(943,'LOTUS RESTO',0,'2019-10-12 00:00:00.0','2019-10-30 17:23:10','200030330000','Tantiono',NULL,NULL,NULL,NULL),(944,'LOTUS RESTO',0,'2019-10-12 00:00:00.0','2019-10-30 17:23:10','200030330000','Tantiono',NULL,NULL,NULL,NULL),(945,'Breakfast',1685950.35,'2019-10-12 00:00:00.0','2019-10-30 17:23:10','200030330000','Tantiono',NULL,NULL,NULL,NULL),(946,'Room Charge',6420475.17,'2019-10-12 00:00:00.0','2019-10-30 17:23:10','200030330000','Tantiono',NULL,NULL,NULL,NULL),(947,'Extra Bed',90909.09,'2019-10-12 00:00:00.0','2019-10-30 17:23:10','200030330000','Tantiono',NULL,NULL,NULL,NULL),(957,'LOTUS RESTO',61157.02,'2019-10-02 00:00:00.0','2019-11-01 08:19:28','200030330000','Tantiono',NULL,NULL,NULL,NULL),(958,'LOTUS RESTO',16528.93,'2019-10-02 00:00:00.0','2019-11-01 08:19:28','200030330000','Tantiono',NULL,NULL,NULL,NULL),(959,'LOTUS RESTO',45454.55,'2019-10-02 00:00:00.0','2019-11-01 08:19:28','200030330000','Tantiono',NULL,NULL,NULL,NULL),(960,'LOTUS RESTO',1177685.95,'2019-10-02 00:00:00.0','2019-11-01 08:19:28','200030330000','Tantiono',NULL,NULL,NULL,NULL),(961,'LOTUS RESTO',3495867.77,'2019-10-02 00:00:00.0','2019-11-01 08:19:28','200030330000','Tantiono',NULL,NULL,NULL,NULL),(962,'LOTUS RESTO',0,'2019-10-02 00:00:00.0','2019-11-01 08:19:28','200030330000','Tantiono',NULL,NULL,NULL,NULL),(963,'LOTUS RESTO',0,'2019-10-02 00:00:00.0','2019-11-01 08:19:28','200030330000','Tantiono',NULL,NULL,NULL,NULL),(964,'LOTUS RESTO',0,'2019-10-02 00:00:00.0','2019-11-01 08:19:28','200030330000','Tantiono',NULL,NULL,NULL,NULL),(965,'LOTUS RESTO',0,'2019-10-02 00:00:00.0','2019-11-01 08:19:28','200030330000','Tantiono',NULL,NULL,NULL,NULL),(966,'LOTUS RESTO',0,'2019-10-02 00:00:00.0','2019-11-01 08:19:28','200030330000','Tantiono',NULL,NULL,NULL,NULL),(967,'Breakfast',132231.4,'2019-10-02 00:00:00.0','2019-11-01 08:19:28','200030330000','Tantiono',NULL,NULL,NULL,NULL),(968,'Room Charge',685198.34,'2019-10-02 00:00:00.0','2019-11-01 08:19:28','200030330000','Tantiono',NULL,NULL,NULL,NULL),(969,'Breakfast',0,'2019-10-03 00:00:00.0','2019-11-01 08:19:49','200030330000','Tantiono',NULL,NULL,NULL,NULL),(970,'Room Charge',363657.85,'2019-10-03 00:00:00.0','2019-11-01 08:19:49','200030330000','Tantiono',NULL,NULL,NULL,NULL),(991,'LOTUS RESTO',33057.85,'2019-10-06 00:00:00.0','2019-11-01 08:21:10','200030330000','Tantiono',NULL,NULL,NULL,NULL),(992,'ROOM SERVICE',8264.46,'2019-10-06 00:00:00.0','2019-11-01 08:21:10','200030330000','Tantiono',NULL,NULL,NULL,NULL),(993,'LOTUS RESTO',0,'2019-10-06 00:00:00.0','2019-11-01 08:21:11','200030330000','Tantiono',NULL,NULL,NULL,NULL),(994,'ROOM SERVICE',0,'2019-10-06 00:00:00.0','2019-11-01 08:21:11','200030330000','Tantiono',NULL,NULL,NULL,NULL),(995,'Breakfast',132231.4,'2019-10-06 00:00:00.0','2019-11-01 08:21:11','200030330000','Tantiono',NULL,NULL,NULL,NULL),(996,'Room Charge',1063758.68,'2019-10-06 00:00:00.0','2019-11-01 08:21:11','200030330000','Tantiono',NULL,NULL,NULL,NULL),(997,'Room Rental',330578.51,'2019-10-06 00:00:00.0','2019-11-01 08:21:11','200030330000','Tantiono',NULL,NULL,NULL,NULL),(998,'Late Check Out',75690.08,'2019-10-06 00:00:00.0','2019-11-01 08:21:11','200030330000','Tantiono',NULL,NULL,NULL,NULL),(999,'Baquet Facility',3223140.5,'2019-10-06 00:00:00.0','2019-11-01 08:21:11','200030330000','Tantiono',NULL,NULL,NULL,NULL),(1000,'Room Charge',193505.78,'2019-10-06 00:00:00.0','2019-11-01 08:21:11','200030330000','Tantiono',NULL,NULL,NULL,NULL),(1001,'ROOM SERVICE',14049.59,'2019-10-07 00:00:00.0','2019-11-01 08:22:03','200030330000','Tantiono',NULL,NULL,NULL,NULL),(1002,'ROOM SERVICE',58000,'2019-10-07 00:00:00.0','2019-11-01 08:22:03','200030330000','Tantiono',NULL,NULL,NULL,NULL),(1003,'ROOM SERVICE',0,'2019-10-07 00:00:00.0','2019-11-01 08:22:03','200030330000','Tantiono',NULL,NULL,NULL,NULL),(1004,'ROOM SERVICE',0,'2019-10-07 00:00:00.0','2019-11-01 08:22:04','200030330000','Tantiono',NULL,NULL,NULL,NULL),(1005,'Breakfast',264462.8,'2019-10-07 00:00:00.0','2019-11-01 08:22:04','200030330000','Tantiono',NULL,NULL,NULL,NULL),(1006,'Room Charge',1071766.94,'2019-10-07 00:00:00.0','2019-11-01 08:22:04','200030330000','Tantiono',NULL,NULL,NULL,NULL),(1007,'LOTUS RESTO',17309090.91,'2019-10-08 00:00:00.0','2019-11-01 08:22:23','200030330000','Tantiono',NULL,NULL,NULL,NULL),(1008,'ROOM SERVICE',43925.62,'2019-10-08 00:00:00.0','2019-11-01 08:22:23','200030330000','Tantiono',NULL,NULL,NULL,NULL),(1009,'LOTUS RESTO',0,'2019-10-08 00:00:00.0','2019-11-01 08:22:23','200030330000','Tantiono',NULL,NULL,NULL,NULL),(1010,'ROOM SERVICE',0,'2019-10-08 00:00:00.0','2019-11-01 08:22:23','200030330000','Tantiono',NULL,NULL,NULL,NULL),(1011,'Breakfast',198347.1,'2019-10-08 00:00:00.0','2019-11-01 08:22:23','200030330000','Tantiono',NULL,NULL,NULL,NULL),(1012,'Room Charge',1476229.76,'2019-10-08 00:00:00.0','2019-11-01 08:22:23','200030330000','Tantiono',NULL,NULL,NULL,NULL),(1013,'LOTUS RESTO',49586.78,'2019-10-09 00:00:00.0','2019-11-01 08:22:39','200030330000','Tantiono',NULL,NULL,NULL,NULL),(1014,'LOTUS RESTO',12402066.12,'2019-10-09 00:00:00.0','2019-11-01 08:22:39','200030330000','Tantiono',NULL,NULL,NULL,NULL),(1015,'LOTUS RESTO',28512.4,'2019-10-09 00:00:00.0','2019-11-01 08:22:39','200030330000','Tantiono',NULL,NULL,NULL,NULL),(1016,'LOTUS RESTO',41322.32,'2019-10-09 00:00:00.0','2019-11-01 08:22:39','200030330000','Tantiono',NULL,NULL,NULL,NULL),(1017,'LOTUS RESTO',0,'2019-10-09 00:00:00.0','2019-11-01 08:22:39','200030330000','Tantiono',NULL,NULL,NULL,NULL),(1018,'LOTUS RESTO',0,'2019-10-09 00:00:00.0','2019-11-01 08:22:39','200030330000','Tantiono',NULL,NULL,NULL,NULL),(1019,'LOTUS RESTO',0,'2019-10-09 00:00:00.0','2019-11-01 08:22:39','200030330000','Tantiono',NULL,NULL,NULL,NULL),(1020,'LOTUS RESTO',0,'2019-10-09 00:00:00.0','2019-11-01 08:22:39','200030330000','Tantiono',NULL,NULL,NULL,NULL),(1021,'Breakfast',264462.8,'2019-10-09 00:00:00.0','2019-11-01 08:22:39','200030330000','Tantiono',NULL,NULL,NULL,NULL),(1022,'Room Charge',1108211.58,'2019-10-09 00:00:00.0','2019-11-01 08:22:39','200030330000','Tantiono',NULL,NULL,NULL,NULL),(1023,'LOTUS RESTO',442975.21,'2019-10-10 00:00:00.0','2019-11-01 08:23:02','200030330000','Tantiono',NULL,NULL,NULL,NULL),(1024,'ROOM SERVICE',15000,'2019-10-10 00:00:00.0','2019-11-01 08:23:02','200030330000','Tantiono',NULL,NULL,NULL,NULL),(1025,'ROOM SERVICE',4132.23,'2019-10-10 00:00:00.0','2019-11-01 08:23:02','200030330000','Tantiono',NULL,NULL,NULL,NULL),(1026,'LOTUS RESTO',0,'2019-10-10 00:00:00.0','2019-11-01 08:23:02','200030330000','Tantiono',NULL,NULL,NULL,NULL),(1027,'ROOM SERVICE',0,'2019-10-10 00:00:00.0','2019-11-01 08:23:02','200030330000','Tantiono',NULL,NULL,NULL,NULL),(1028,'ROOM SERVICE',0,'2019-10-10 00:00:00.0','2019-11-01 08:23:02','200030330000','Tantiono',NULL,NULL,NULL,NULL),(1029,'Breakfast',462809.9,'2019-10-10 00:00:00.0','2019-11-01 08:23:02','200030330000','Tantiono',NULL,NULL,NULL,NULL),(1030,'Room Charge',2672681.8,'2019-10-10 00:00:00.0','2019-11-01 08:23:02','200030330000','Tantiono',NULL,NULL,NULL,NULL),(1031,'LOTUS RESTO',20661.16,'2019-10-11 00:00:00.0','2019-11-01 08:24:36','200030330000','Tantiono',NULL,NULL,NULL,NULL),(1032,'ROOM SERVICE',30000,'2019-10-11 00:00:00.0','2019-11-01 08:24:36','200030330000','Tantiono',NULL,NULL,NULL,NULL),(1033,'ROOM SERVICE',158500,'2019-10-11 00:00:00.0','2019-11-01 08:24:36','200030330000','Tantiono',NULL,NULL,NULL,NULL),(1034,'ROOM SERVICE',91057.85,'2019-10-11 00:00:00.0','2019-11-01 08:24:36','200030330000','Tantiono',NULL,NULL,NULL,NULL),(1035,'LOTUS RESTO',0,'2019-10-11 00:00:00.0','2019-11-01 08:24:36','200030330000','Tantiono',NULL,NULL,NULL,NULL),(1036,'ROOM SERVICE',0,'2019-10-11 00:00:00.0','2019-11-01 08:24:36','200030330000','Tantiono',NULL,NULL,NULL,NULL),(1037,'ROOM SERVICE',0,'2019-10-11 00:00:00.0','2019-11-01 08:24:36','200030330000','Tantiono',NULL,NULL,NULL,NULL),(1038,'ROOM SERVICE',0,'2019-10-11 00:00:00.0','2019-11-01 08:24:36','200030330000','Tantiono',NULL,NULL,NULL,NULL),(1039,'Breakfast',1256198.3,'2019-10-11 00:00:00.0','2019-11-01 08:24:36','200030330000','Tantiono',NULL,NULL,NULL,NULL),(1040,'Room Charge',4329340.48,'2019-10-11 00:00:00.0','2019-11-01 08:24:36','200030330000','Tantiono',NULL,NULL,NULL,NULL),(1041,'Extra Bed',404958.68,'2019-10-11 00:00:00.0','2019-11-01 08:24:36','200030330000','Tantiono',NULL,NULL,NULL,NULL),(1042,'Room Charge',119089.25,'2019-10-11 00:00:00.0','2019-11-01 08:24:36','200030330000','Tantiono',NULL,NULL,NULL,NULL),(1043,'LOTUS RESTO',8264.46,'2019-10-29 00:00:00.0','2019-11-01 08:26:39','200030330000','Tantiono',NULL,NULL,NULL,NULL),(1044,'LOTUS RESTO',0,'2019-10-29 00:00:00.0','2019-11-01 08:26:39','200030330000','Tantiono',NULL,NULL,NULL,NULL),(1045,'Breakfast',198347.1,'2019-10-29 00:00:00.0','2019-11-01 08:26:39','200030330000','Tantiono',NULL,NULL,NULL,NULL),(1046,'Room Charge',633841.32,'2019-10-29 00:00:00.0','2019-11-01 08:26:39','200030330000','Tantiono',NULL,NULL,NULL,NULL),(1047,'Breakfast',66115.7,'2019-10-30 00:00:00.0','2019-11-01 08:26:53','200030330000','Tantiono',NULL,NULL,NULL,NULL),(1048,'Room Charge',549543.8,'2019-10-30 00:00:00.0','2019-11-01 08:26:53','200030330000','Tantiono',NULL,NULL,NULL,NULL),(1049,'ROOM SERVICE',30000,'2019-10-31 00:00:00.0','2019-11-01 08:27:12','200030330000','Tantiono',NULL,NULL,NULL,NULL),(1050,'ROOM SERVICE',101000,'2019-10-31 00:00:00.0','2019-11-01 08:27:12','200030330000','Tantiono',NULL,NULL,NULL,NULL),(1051,'ROOM SERVICE',50000,'2019-10-31 00:00:00.0','2019-11-01 08:27:12','200030330000','Tantiono',NULL,NULL,NULL,NULL),(1052,'ROOM SERVICE',0,'2019-10-31 00:00:00.0','2019-11-01 08:27:12','200030330000','Tantiono',NULL,NULL,NULL,NULL),(1053,'ROOM SERVICE',0,'2019-10-31 00:00:00.0','2019-11-01 08:27:12','200030330000','Tantiono',NULL,NULL,NULL,NULL),(1054,'ROOM SERVICE',0,'2019-10-31 00:00:00.0','2019-11-01 08:27:12','200030330000','Tantiono',NULL,NULL,NULL,NULL),(1055,'Baquet Facility',14049.65,'2019-10-31 00:00:00.0','2019-11-01 08:27:12','200030330000','Tantiono',NULL,NULL,NULL,NULL),(1056,'Room Rental',140495.82,'2019-10-31 00:00:00.0','2019-11-01 08:27:12','200030330000','Tantiono',NULL,NULL,NULL,NULL),(1057,'Coffee Break',842975.11,'2019-10-31 00:00:00.0','2019-11-01 08:27:13','200030330000','Tantiono',NULL,NULL,NULL,NULL),(1058,'Dinner',1404958.73,'2019-10-31 00:00:00.0','2019-11-01 08:27:13','200030330000','Tantiono',NULL,NULL,NULL,NULL),(1059,'Lunch',1404958.73,'2019-10-31 00:00:00.0','2019-11-01 08:27:13','200030330000','Tantiono',NULL,NULL,NULL,NULL),(1060,'Breakfast',1801652.93,'2019-10-31 00:00:00.0','2019-11-01 08:27:13','200030330000','Tantiono',NULL,NULL,NULL,NULL),(1061,'Room Charge',6722469.38,'2019-10-31 00:00:00.0','2019-11-01 08:27:13','200030330000','Tantiono',NULL,NULL,NULL,NULL),(1080,'ROOM SERVICE',30000,'2019-10-01 00:00:00.0','2019-11-01 14:40:43','200030330000','Tantiono',NULL,NULL,NULL,NULL),(1081,'ROOM SERVICE',0,'2019-10-01 00:00:00.0','2019-11-01 14:40:43','200030330000','Tantiono',NULL,NULL,NULL,NULL),(1082,'Baquet Facility',305785,'2019-10-01 00:00:00.0','2019-11-01 14:40:43','200030330000','Tantiono',NULL,NULL,NULL,NULL),(1083,'Room Rental',454545.4,'2019-10-01 00:00:00.0','2019-11-01 14:40:43','200030330000','Tantiono',NULL,NULL,NULL,NULL),(1084,'Coffee Break',2148760.18,'2019-10-01 00:00:00.0','2019-11-01 14:40:43','200030330000','Tantiono',NULL,NULL,NULL,NULL),(1085,'Dinner',3966942,'2019-10-01 00:00:00.0','2019-11-01 14:40:43','200030330000','Tantiono',NULL,NULL,NULL,NULL),(1086,'Lunch',3966942,'2019-10-01 00:00:00.0','2019-11-01 14:40:43','200030330000','Tantiono',NULL,NULL,NULL,NULL),(1087,'Breakfast',4033057.7,'2019-10-01 00:00:00.0','2019-11-01 14:40:43','200030330000','Tantiono',NULL,NULL,NULL,NULL),(1088,'Room Charge',11909864.5,'2019-10-01 00:00:00.0','2019-11-01 14:40:44','200030330000','Tantiono',NULL,NULL,NULL,NULL),(1109,'Breakfast',462809.9,'2019-10-04 00:00:00.0','2019-11-04 13:27:54','200030330000','Tantiono',NULL,NULL,NULL,NULL),(1110,'Extra Bed',181818.18,'2019-10-04 00:00:00.0','2019-11-04 13:27:54','200030330000','Tantiono',NULL,NULL,NULL,NULL),(1111,'Room Charge',1765861.15,'2019-10-04 00:00:00.0','2019-11-04 13:27:54','200030330000','Tantiono',NULL,NULL,NULL,NULL),(2135,'LOTUS RESTO',121487.61,'2019-10-05 00:00:00.0','2019-11-04 13:38:53','200030330000','Tantiono',NULL,NULL,NULL,NULL),(2136,'LOTUS RESTO',283057.86,'2019-10-05 00:00:00.0','2019-11-04 13:38:53','200030330000','Tantiono',NULL,NULL,NULL,NULL),(2137,'ROOM SERVICE',14000,'2019-10-05 00:00:00.0','2019-11-04 13:38:53','200030330000','Tantiono',NULL,NULL,NULL,NULL),(2138,'ROOM SERVICE',74256.2,'2019-10-05 00:00:00.0','2019-11-04 13:38:53','200030330000','Tantiono',NULL,NULL,NULL,NULL),(2139,'ROOM SERVICE',200000,'2019-10-05 00:00:00.0','2019-11-04 13:38:53','200030330000','Tantiono',NULL,NULL,NULL,NULL),(2140,'ROOM SERVICE',142743.81,'2019-10-05 00:00:00.0','2019-11-04 13:38:53','200030330000','Tantiono',NULL,NULL,NULL,NULL),(2141,'ROOM SERVICE',5000,'2019-10-05 00:00:00.0','2019-11-04 13:38:53','200030330000','Tantiono',NULL,NULL,NULL,NULL),(2142,'LOTUS RESTO',0,'2019-10-05 00:00:00.0','2019-11-04 13:38:53','200030330000','Tantiono',NULL,NULL,NULL,NULL),(2143,'LOTUS RESTO',0,'2019-10-05 00:00:00.0','2019-11-04 13:38:53','200030330000','Tantiono',NULL,NULL,NULL,NULL),(2144,'ROOM SERVICE',0,'2019-10-05 00:00:00.0','2019-11-04 13:38:53','200030330000','Tantiono',NULL,NULL,NULL,NULL),(2145,'ROOM SERVICE',0,'2019-10-05 00:00:00.0','2019-11-04 13:38:53','200030330000','Tantiono',NULL,NULL,NULL,NULL),(2146,'ROOM SERVICE',0,'2019-10-05 00:00:00.0','2019-11-04 13:38:53','200030330000','Tantiono',NULL,NULL,NULL,NULL),(2147,'ROOM SERVICE',0,'2019-10-05 00:00:00.0','2019-11-04 13:38:53','200030330000','Tantiono',NULL,NULL,NULL,NULL),(2148,'ROOM SERVICE',0,'2019-10-05 00:00:00.0','2019-11-04 13:38:53','200030330000','Tantiono',NULL,NULL,NULL,NULL),(2149,'Breakfast',1917355.3,'2019-10-05 00:00:00.0','2019-11-04 13:38:53','200030330000','Tantiono',NULL,NULL,NULL,NULL),(2150,'Room Charge',7999467.76,'2019-10-05 00:00:00.0','2019-11-04 13:38:53','200030330000','Tantiono',NULL,NULL,NULL,NULL),(2151,'Extra Bed',264462.82,'2019-10-05 00:00:00.0','2019-11-04 13:38:53','200030330000','Tantiono',NULL,NULL,NULL,NULL),(2152,'LOTUS RESTO',61983.47,'2019-11-02 00:00:00.0','2019-11-04 13:55:48','200030330000','Tantiono',NULL,NULL,NULL,NULL),(2153,'LOTUS RESTO',233057.85,'2019-11-02 00:00:00.0','2019-11-04 13:55:48','200030330000','Tantiono',NULL,NULL,NULL,NULL),(2154,'ROOM SERVICE',30000,'2019-11-02 00:00:00.0','2019-11-04 13:55:48','200030330000','Tantiono',NULL,NULL,NULL,NULL),(2155,'ROOM SERVICE',84793.39,'2019-11-02 00:00:00.0','2019-11-04 13:55:48','200030330000','Tantiono',NULL,NULL,NULL,NULL),(2156,'LOTUS RESTO',0,'2019-11-02 00:00:00.0','2019-11-04 13:55:48','200030330000','Tantiono',NULL,NULL,NULL,NULL),(2157,'LOTUS RESTO',0,'2019-11-02 00:00:00.0','2019-11-04 13:55:48','200030330000','Tantiono',NULL,NULL,NULL,NULL),(2158,'ROOM SERVICE',0,'2019-11-02 00:00:00.0','2019-11-04 13:55:48','200030330000','Tantiono',NULL,NULL,NULL,NULL),(2159,'ROOM SERVICE',0,'2019-11-02 00:00:00.0','2019-11-04 13:55:48','200030330000','Tantiono',NULL,NULL,NULL,NULL),(2160,'ROOM SERVICE',0,'2019-11-02 00:00:00.0','2019-11-04 13:55:48','200030330000','Tantiono',NULL,NULL,NULL,NULL),(2161,'Breakfast',1289256.15,'2019-11-02 00:00:00.0','2019-11-04 13:55:48','200030330000','Tantiono',NULL,NULL,NULL,NULL),(2162,'Room Charge',7923522.31,'2019-11-02 00:00:00.0','2019-11-04 13:55:48','200030330000','Tantiono',NULL,NULL,NULL,NULL),(2163,'Extra Bed',132231.41,'2019-11-02 00:00:00.0','2019-11-04 13:55:48','200030330000','Tantiono',NULL,NULL,NULL,NULL),(2164,'ROOM SERVICE',40495.86,'2019-11-02 00:00:00.0','2019-11-04 13:55:48','200030330000','Tantiono',NULL,NULL,NULL,NULL),(2165,'LOTUS RESTO',4132231.4,'2019-11-01 00:00:00.0','2019-11-04 13:56:27','200030330000','Tantiono',NULL,NULL,NULL,NULL),(2166,'LOTUS RESTO',24793.39,'2019-11-01 00:00:00.0','2019-11-04 13:56:28','200030330000','Tantiono',NULL,NULL,NULL,NULL),(2167,'ROOM SERVICE',24793.39,'2019-11-01 00:00:00.0','2019-11-04 13:56:28','200030330000','Tantiono',NULL,NULL,NULL,NULL),(2168,'ROOM SERVICE',55000,'2019-11-01 00:00:00.0','2019-11-04 13:56:28','200030330000','Tantiono',NULL,NULL,NULL,NULL),(2169,'ROOM SERVICE',54314.05,'2019-11-01 00:00:00.0','2019-11-04 13:56:28','200030330000','Tantiono',NULL,NULL,NULL,NULL),(2170,'LOTUS RESTO',0,'2019-11-01 00:00:00.0','2019-11-04 13:56:28','200030330000','Tantiono',NULL,NULL,NULL,NULL),(2171,'LOTUS RESTO',0,'2019-11-01 00:00:00.0','2019-11-04 13:56:28','200030330000','Tantiono',NULL,NULL,NULL,NULL),(2172,'ROOM SERVICE',0,'2019-11-01 00:00:00.0','2019-11-04 13:56:28','200030330000','Tantiono',NULL,NULL,NULL,NULL),(2173,'ROOM SERVICE',0,'2019-11-01 00:00:00.0','2019-11-04 13:56:28','200030330000','Tantiono',NULL,NULL,NULL,NULL),(2174,'ROOM SERVICE',0,'2019-11-01 00:00:00.0','2019-11-04 13:56:28','200030330000','Tantiono',NULL,NULL,NULL,NULL),(2175,'Baquet Facility',14049.65,'2019-11-01 00:00:00.0','2019-11-04 13:56:28','200030330000','Tantiono',NULL,NULL,NULL,NULL),(2176,'Room Rental',140495.82,'2019-11-01 00:00:00.0','2019-11-04 13:56:28','200030330000','Tantiono',NULL,NULL,NULL,NULL),(2177,'Coffee Break',842975.11,'2019-11-01 00:00:00.0','2019-11-04 13:56:28','200030330000','Tantiono',NULL,NULL,NULL,NULL),(2178,'Dinner',1404958.73,'2019-11-01 00:00:00.0','2019-11-04 13:56:28','200030330000','Tantiono',NULL,NULL,NULL,NULL),(2179,'Lunch',1404958.73,'2019-11-01 00:00:00.0','2019-11-04 13:56:28','200030330000','Tantiono',NULL,NULL,NULL,NULL),(2180,'Breakfast',1669421.53,'2019-11-01 00:00:00.0','2019-11-04 13:56:28','200030330000','Tantiono',NULL,NULL,NULL,NULL),(2181,'Room Charge',7710836.32,'2019-11-01 00:00:00.0','2019-11-04 13:56:28','200030330000','Tantiono',NULL,NULL,NULL,NULL),(2562,'LOTUS RESTO',413223.14,'2019-11-03 00:00:00.0','2019-11-04 23:29:57','200030330000','Tantiono',NULL,NULL,NULL,NULL),(2563,'LOTUS RESTO',33057.85,'2019-11-03 00:00:00.0','2019-11-04 23:29:57','200030330000','Tantiono',NULL,NULL,NULL,NULL),(2564,'LOTUS RESTO',23140.5,'2019-11-03 00:00:00.0','2019-11-04 23:29:57','200030330000','Tantiono',NULL,NULL,NULL,NULL),(2565,'ROOM SERVICE',12396.69,'2019-11-03 00:00:00.0','2019-11-04 23:29:57','200030330000','Tantiono',NULL,NULL,NULL,NULL),(2566,'ROOM SERVICE',60000,'2019-11-03 00:00:00.0','2019-11-04 23:29:57','200030330000','Tantiono',NULL,NULL,NULL,NULL),(2567,'LOTUS RESTO',0,'2019-11-03 00:00:00.0','2019-11-04 23:29:57','200030330000','Tantiono',NULL,NULL,NULL,NULL),(2568,'LOTUS RESTO',0,'2019-11-03 00:00:00.0','2019-11-04 23:29:57','200030330000','Tantiono',NULL,NULL,NULL,NULL),(2569,'LOTUS RESTO',0,'2019-11-03 00:00:00.0','2019-11-04 23:29:57','200030330000','Tantiono',NULL,NULL,NULL,NULL),(2570,'ROOM SERVICE',0,'2019-11-03 00:00:00.0','2019-11-04 23:29:57','200030330000','Tantiono',NULL,NULL,NULL,NULL),(2571,'ROOM SERVICE',0,'2019-11-03 00:00:00.0','2019-11-04 23:29:57','200030330000','Tantiono',NULL,NULL,NULL,NULL),(2572,'Baquet Facility',14049.65,'2019-11-03 00:00:00.0','2019-11-04 23:29:57','200030330000','Tantiono',NULL,NULL,NULL,NULL),(2573,'Room Rental',140495.82,'2019-11-03 00:00:00.0','2019-11-04 23:29:57','200030330000','Tantiono',NULL,NULL,NULL,NULL),(2574,'Coffee Break',842975.11,'2019-11-03 00:00:00.0','2019-11-04 23:29:57','200030330000','Tantiono',NULL,NULL,NULL,NULL),(2575,'Dinner',1404958.73,'2019-11-03 00:00:00.0','2019-11-04 23:29:57','200030330000','Tantiono',NULL,NULL,NULL,NULL),(2576,'Lunch',1404958.73,'2019-11-03 00:00:00.0','2019-11-04 23:29:58','200030330000','Tantiono',NULL,NULL,NULL,NULL),(2577,'Breakfast',1537190.13,'2019-11-03 00:00:00.0','2019-11-04 23:29:58','200030330000','Tantiono',NULL,NULL,NULL,NULL),(2578,'Room Charge',6074788.41,'2019-11-03 00:00:00.0','2019-11-04 23:29:58','200030330000','Tantiono',NULL,NULL,NULL,NULL),(2579,'Room Rental',330578.51,'2019-11-03 00:00:00.0','2019-11-04 23:29:58','200030330000','Tantiono',NULL,NULL,NULL,NULL),(2580,'Late Check Out',99173.55,'2019-11-03 00:00:00.0','2019-11-04 23:29:58','200030330000','Tantiono',NULL,NULL,NULL,NULL),(2581,'Room Rental',2892561.98,'2019-11-03 00:00:00.0','2019-11-04 23:29:58','200030330000','Tantiono',NULL,NULL,NULL,NULL),(2890,'LOTUS RESTO',49586.78,'2019-11-04 00:00:00.0','2019-11-05 23:29:56','200030330000','Tantiono',NULL,NULL,NULL,NULL),(2891,'LOTUS RESTO',4132.23,'2019-11-04 00:00:00.0','2019-11-05 23:29:56','200030330000','Tantiono',NULL,NULL,NULL,NULL),(2892,'LOTUS RESTO',0,'2019-11-04 00:00:00.0','2019-11-05 23:29:56','200030330000','Tantiono',NULL,NULL,NULL,NULL),(2893,'LOTUS RESTO',0,'2019-11-04 00:00:00.0','2019-11-05 23:29:56','200030330000','Tantiono',NULL,NULL,NULL,NULL),(2894,'Baquet Facility',14049.65,'2019-11-04 00:00:00.0','2019-11-05 23:29:56','200030330000','Tantiono',NULL,NULL,NULL,NULL),(2895,'Room Rental',140495.82,'2019-11-04 00:00:00.0','2019-11-05 23:29:56','200030330000','Tantiono',NULL,NULL,NULL,NULL),(2896,'Coffee Break',842975.11,'2019-11-04 00:00:00.0','2019-11-05 23:29:56','200030330000','Tantiono',NULL,NULL,NULL,NULL),(2897,'Dinner',1404958.73,'2019-11-04 00:00:00.0','2019-11-05 23:29:56','200030330000','Tantiono',NULL,NULL,NULL,NULL),(2898,'Lunch',1404958.73,'2019-11-04 00:00:00.0','2019-11-05 23:29:56','200030330000','Tantiono',NULL,NULL,NULL,NULL),(2899,'Breakfast',1669421.53,'2019-11-04 00:00:00.0','2019-11-05 23:29:57','200030330000','Tantiono',NULL,NULL,NULL,NULL),(2900,'Room Charge',6717371.07,'2019-11-04 00:00:00.0','2019-11-05 23:29:57','200030330000','Tantiono',NULL,NULL,NULL,NULL),(3264,'LOTUS RESTO',4925619.83,'2019-11-05 00:00:00.0','2019-11-06 23:29:54','200030330000','Tantiono',NULL,NULL,NULL,NULL),(3265,'ROOM SERVICE',58000,'2019-11-05 00:00:00.0','2019-11-06 23:29:54','200030330000','Tantiono',NULL,NULL,NULL,NULL),(3266,'LOTUS RESTO',0,'2019-11-05 00:00:00.0','2019-11-06 23:29:54','200030330000','Tantiono',NULL,NULL,NULL,NULL),(3267,'ROOM SERVICE',0,'2019-11-05 00:00:00.0','2019-11-06 23:29:55','200030330000','Tantiono',NULL,NULL,NULL,NULL),(3268,'Baquet Facility',14049.65,'2019-11-05 00:00:00.0','2019-11-06 23:29:55','200030330000','Tantiono',NULL,NULL,NULL,NULL),(3269,'Room Rental',140495.82,'2019-11-05 00:00:00.0','2019-11-06 23:29:55','200030330000','Tantiono',NULL,NULL,NULL,NULL),(3270,'Coffee Break',842975.11,'2019-11-05 00:00:00.0','2019-11-06 23:29:55','200030330000','Tantiono',NULL,NULL,NULL,NULL),(3271,'Dinner',1404958.73,'2019-11-05 00:00:00.0','2019-11-06 23:29:55','200030330000','Tantiono',NULL,NULL,NULL,NULL),(3272,'Lunch',1404958.73,'2019-11-05 00:00:00.0','2019-11-06 23:29:55','200030330000','Tantiono',NULL,NULL,NULL,NULL),(3273,'Breakfast',1471074.43,'2019-11-05 00:00:00.0','2019-11-06 23:29:55','200030330000','Tantiono',NULL,NULL,NULL,NULL),(3274,'Room Charge',6370149.58,'2019-11-05 00:00:00.0','2019-11-06 23:29:55','200030330000','Tantiono',NULL,NULL,NULL,NULL),(3491,'LOTUS RESTO',5495867.77,'2019-11-06 00:00:00.0','2019-11-07 23:30:00','200030330000','Tantiono',NULL,NULL,NULL,NULL),(3492,'ROOM SERVICE',45500,'2019-11-06 00:00:00.0','2019-11-07 23:30:00','200030330000','Tantiono',NULL,NULL,NULL,NULL),(3493,'LOTUS RESTO',0,'2019-11-06 00:00:00.0','2019-11-07 23:30:00','200030330000','Tantiono',NULL,NULL,NULL,NULL),(3494,'ROOM SERVICE',0,'2019-11-06 00:00:00.0','2019-11-07 23:30:00','200030330000','Tantiono',NULL,NULL,NULL,NULL),(3495,'Breakfast',0,'2019-11-06 00:00:00.0','2019-11-07 23:30:00','200030330000','Tantiono',NULL,NULL,NULL,NULL),(3496,'Room Charge',845549.6,'2019-11-06 00:00:00.0','2019-11-07 23:30:00','200030330000','Tantiono',NULL,NULL,NULL,NULL),(3569,'Breakfast',132231.4,'2019-11-07 00:00:00.0','2019-11-08 23:29:59','200030330000','Tantiono',NULL,NULL,NULL,NULL),(3570,'Room Charge',1774134.7,'2019-11-07 00:00:00.0','2019-11-08 23:29:59','200030330000','Tantiono',NULL,NULL,NULL,NULL),(3751,'Breakfast',462809.9,'2019-11-08 00:00:00.0','2019-11-09 23:29:58','200030330000','Tantiono',NULL,NULL,NULL,NULL),(3752,'Room Charge',2402585.94,'2019-11-08 00:00:00.0','2019-11-09 23:29:58','200030330000','Tantiono',NULL,NULL,NULL,NULL),(3753,'Extra Bed',223140.5,'2019-11-08 00:00:00.0','2019-11-09 23:29:58','200030330000','Tantiono',NULL,NULL,NULL,NULL),(3754,'Late Check Out',86776.86,'2019-11-08 00:00:00.0','2019-11-09 23:29:58','200030330000','Tantiono',NULL,NULL,NULL,NULL),(3755,'Late Check Out',94214.87,'2019-11-08 00:00:00.0','2019-11-09 23:29:58','200030330000','Tantiono',NULL,NULL,NULL,NULL),(3867,'Breakfast',1487603.25,'2019-11-09 00:00:00.0','2019-11-10 23:29:57','200030330000','Tantiono',NULL,NULL,NULL,NULL),(3868,'Room Charge',8362547.1,'2019-11-09 00:00:00.0','2019-11-10 23:29:57','200030330000','Tantiono',NULL,NULL,NULL,NULL),(3869,'Extra Bed',132231.41,'2019-11-09 00:00:00.0','2019-11-10 23:29:57','200030330000','Tantiono',NULL,NULL,NULL,NULL),(4220,'LOTUS RESTO',9917.36,'2019-11-10 00:00:00.0','2019-11-11 23:29:56','200030330000','Tantiono',NULL,NULL,NULL,NULL),(4221,'LOTUS RESTO',10909090.91,'2019-11-10 00:00:00.0','2019-11-11 23:29:56','200030330000','Tantiono',NULL,NULL,NULL,NULL),(4222,'LOTUS RESTO',90909.09,'2019-11-10 00:00:00.0','2019-11-11 23:29:56','200030330000','Tantiono',NULL,NULL,NULL,NULL),(4223,'LOTUS RESTO',0,'2019-11-10 00:00:00.0','2019-11-11 23:29:56','200030330000','Tantiono',NULL,NULL,NULL,NULL),(4224,'LOTUS RESTO',0,'2019-11-10 00:00:00.0','2019-11-11 23:29:56','200030330000','Tantiono',NULL,NULL,NULL,NULL),(4225,'LOTUS RESTO',0,'2019-11-10 00:00:00.0','2019-11-11 23:29:56','200030330000','Tantiono',NULL,NULL,NULL,NULL),(4226,'Breakfast',264462.8,'2019-11-10 00:00:00.0','2019-11-11 23:29:56','200030330000','Tantiono',NULL,NULL,NULL,NULL),(4227,'Room Charge',1402057.02,'2019-11-10 00:00:00.0','2019-11-11 23:29:56','200030330000','Tantiono',NULL,NULL,NULL,NULL),(4228,'Room Rental',330578.51,'2019-11-10 00:00:00.0','2019-11-11 23:29:57','200030330000','Tantiono',NULL,NULL,NULL,NULL),(4229,'Room Rental',2892561.98,'2019-11-10 00:00:00.0','2019-11-11 23:29:57','200030330000','Tantiono',NULL,NULL,NULL,NULL),(4475,'LOTUS RESTO',24793.39,'2019-11-11 00:00:00.0','2019-11-12 23:29:55','200030330000','Tantiono',NULL,NULL,NULL,NULL),(4476,'LOTUS RESTO',4132.23,'2019-11-11 00:00:00.0','2019-11-12 23:29:55','200030330000','Tantiono',NULL,NULL,NULL,NULL),(4477,'LOTUS RESTO',0,'2019-11-11 00:00:00.0','2019-11-12 23:29:55','200030330000','Tantiono',NULL,NULL,NULL,NULL),(4478,'LOTUS RESTO',0,'2019-11-11 00:00:00.0','2019-11-12 23:29:55','200030330000','Tantiono',NULL,NULL,NULL,NULL),(4479,'Breakfast',495867.75,'2019-11-11 00:00:00.0','2019-11-12 23:29:55','200030330000','Tantiono',NULL,NULL,NULL,NULL),(4480,'Room Charge',914342.11,'2019-11-11 00:00:00.0','2019-11-12 23:29:55','200030330000','Tantiono',NULL,NULL,NULL,NULL),(4481,'Extra Bed',111570.25,'2019-11-11 00:00:00.0','2019-11-12 23:29:55','200030330000','Tantiono',NULL,NULL,NULL,NULL),(4657,'LOTUS RESTO',24793.39,'2019-11-12 00:00:00.0','2019-11-13 23:29:53','200030330000','Tantiono',NULL,NULL,NULL,NULL),(4658,'LOTUS RESTO',0,'2019-11-12 00:00:00.0','2019-11-13 23:29:53','200030330000','Tantiono',NULL,NULL,NULL,NULL),(4659,'Breakfast',694214.85,'2019-11-12 00:00:00.0','2019-11-13 23:29:53','200030330000','Tantiono',NULL,NULL,NULL,NULL),(4660,'Room Charge',2599723.95,'2019-11-12 00:00:00.0','2019-11-13 23:29:54','200030330000','Tantiono',NULL,NULL,NULL,NULL),(4661,'Extra Bed',111570.25,'2019-11-12 00:00:00.0','2019-11-13 23:29:54','200030330000','Tantiono',NULL,NULL,NULL,NULL),(4816,'LOTUS RESTO',24793.39,'2019-11-13 00:00:00.0','2019-11-14 11:59:52','200030330000','Tantiono',NULL,NULL,NULL,NULL),(4817,'LOTUS RESTO',99173.55,'2019-11-13 00:00:00.0','2019-11-14 11:59:52','200030330000','Tantiono',NULL,NULL,NULL,NULL),(4818,'LOTUS RESTO',24793.39,'2019-11-13 00:00:00.0','2019-11-14 11:59:53','200030330000','Tantiono',NULL,NULL,NULL,NULL),(4819,'ROOM SERVICE',13884.3,'2019-11-13 00:00:00.0','2019-11-14 11:59:53','200030330000','Tantiono',NULL,NULL,NULL,NULL),(4820,'LOTUS RESTO',0,'2019-11-13 00:00:00.0','2019-11-14 11:59:53','200030330000','Tantiono',NULL,NULL,NULL,NULL),(4821,'LOTUS RESTO',0,'2019-11-13 00:00:00.0','2019-11-14 11:59:53','200030330000','Tantiono',NULL,NULL,NULL,NULL),(4822,'LOTUS RESTO',0,'2019-11-13 00:00:00.0','2019-11-14 11:59:53','200030330000','Tantiono',NULL,NULL,NULL,NULL),(4823,'ROOM SERVICE',0,'2019-11-13 00:00:00.0','2019-11-14 11:59:53','200030330000','Tantiono',NULL,NULL,NULL,NULL),(4824,'Breakfast',132231.4,'2019-11-13 00:00:00.0','2019-11-14 11:59:53','200030330000','Tantiono',NULL,NULL,NULL,NULL),(4825,'Room Charge',1842415.69,'2019-11-13 00:00:00.0','2019-11-14 11:59:53','200030330000','Tantiono',NULL,NULL,NULL,NULL),(4826,'Additional Room Charge',16528.93,'2019-11-13 00:00:00.0','2019-11-14 11:59:53','200030330000','Tantiono',NULL,NULL,NULL,NULL);

/* Trigger structure for table `ms_menu` */

DELIMITER $$

/*!50003 DROP TRIGGER*//*!50032 IF EXISTS */ /*!50003 `trig_newmenu` */$$

/*!50003 CREATE */ /*!50017 DEFINER = 'root'@'localhost' */ /*!50003 TRIGGER `trig_newmenu` AFTER INSERT ON `ms_menu` FOR EACH ROW BEGIN
	INSERT INTO ms_privilege (ms_role_id,ms_menu_id,`status`) 
	VALUE ('1',new.id_inc,'1');
    END */$$


DELIMITER ;

/* Function  structure for function  `bayar_terakhir` */

/*!50003 DROP FUNCTION IF EXISTS `bayar_terakhir` */;
DELIMITER $$

/*!50003 CREATE DEFINER=`root`@`localhost` FUNCTION `bayar_terakhir`(vnpwp VARCHAR(100)) RETURNS date
BEGIN
    
	DECLARE i INT;
	DECLARE res DATE;
	SELECT COUNT(kd_trx) INTO i FROM tb_transaksi WHERE npwp=vnpwp;
	IF i >0 THEN 
		SELECT tanggal_insert INTO res FROM tb_transaksi WHERE npwp=vnpwp ORDER BY tanggal_insert DESC LIMIT 1;
	ELSE
		SET res=NULL;
	END IF;
	RETURN res;
    END */$$
DELIMITER ;

/* Function  structure for function  `bayar_terakhir_baru` */

/*!50003 DROP FUNCTION IF EXISTS `bayar_terakhir_baru` */;
DELIMITER $$

/*!50003 CREATE DEFINER=`root`@`localhost` FUNCTION `bayar_terakhir_baru`(vnpwp VARCHAR(100)) RETURNS date
BEGIN
    
	DECLARE i INT;
	DECLARE res DATE;
	SELECT COUNT(id) INTO i FROM tb_transaksi_dept WHERE npwpd=vnpwp;
	IF i >0 THEN 
		SELECT tgl_transaksi INTO res FROM tb_transaksi_dept WHERE npwpd=vnpwp ORDER BY tgl_transaksi DESC LIMIT 1;
	ELSE
		SET res=NULL;
	END IF;
	RETURN res;
    END */$$
DELIMITER ;

/*!40101 SET SQL_MODE=@OLD_SQL_MODE */;
/*!40014 SET FOREIGN_KEY_CHECKS=@OLD_FOREIGN_KEY_CHECKS */;
/*!40014 SET UNIQUE_CHECKS=@OLD_UNIQUE_CHECKS */;
/*!40111 SET SQL_NOTES=@OLD_SQL_NOTES */;
